asset_id	master_format	master_path	notes
1path	aif	Assets/Sounds/Legacy/PowerPlug/1path.aif	audio source
2hit	aif	Assets/Sounds/Legacy/PowerPlug/2hit.aif	audio source
3hit	aif	Assets/Sounds/Legacy/PowerPlug/3hit.aif	audio source
3path	aif	Assets/Sounds/Legacy/PowerPlug/3path.aif	audio source
4hit	aif	Assets/Sounds/Legacy/PowerPlug/4hit.aif	audio source
4path	aif	Assets/Sounds/Legacy/PowerPlug/4path.aif	audio source
5hit	aif	Assets/Sounds/Legacy/PowerPlug/5hit.aif	audio source
adefense1	psd	Assets/Images/Source/DragonArcadia/art/major_minors_and_hobbies/old/major/adefense1.psd	psd master
air	psd	Assets/Images/Source/DragonArcadia/art/elements/air.psd	psd master
air_element	cdr	Assets/Images/Source/DragonArcadia/art/elements/air_element.cdr	cdr+psd both present; cdr preferred as vector master
amagic1	psd	Assets/Images/Source/DragonArcadia/art/major_minors_and_hobbies/old/major/amagic1.psd	psd master
amagic3	psd	Assets/Images/Source/DragonArcadia/art/major_minors_and_hobbies/old/major/amagic3.psd	psd master
areacavesbattle	png	Assets/Images/Legacy/Resources/AreaCavesBattle.png	png runtime/source
areacavesmap	png	Assets/Images/Legacy/Resources/AreaCavesMap.png	png runtime/source
areacavesmask	png	Assets/Images/Legacy/Resources/AreaCavesMask.png	png runtime/source
areacavesoverlay	png	Assets/Images/Legacy/Resources/AreaCavesOverlay.png	png runtime/source
areaeleusisbattle	png	Assets/Images/Legacy/Resources/AreaEleusisBattle.png	png runtime/source
areaeleusisfallbackmap	png	Assets/Images/Legacy/Resources/AreaEleusisFallbackMap.png	png runtime/source
areaeleusismap	png	Assets/Images/Legacy/Resources/AreaEleusisMap.png	png runtime/source
areaeleusismask	png	Assets/Images/Legacy/Resources/AreaEleusisMask.png	png runtime/source
areaeleusisoverlay	png	Assets/Images/Legacy/Resources/AreaEleusisOverlay.png	png runtime/source
areaeleusisstrongholdbattle	png	Assets/Images/Legacy/Resources/AreaEleusisStrongholdBattle.png	png runtime/source
areaeleusisstrongholdmap	png	Assets/Images/Legacy/Resources/AreaEleusisStrongholdMap.png	png runtime/source
areaeleusisstrongholdmask	png	Assets/Images/Legacy/Resources/AreaEleusisStrongholdMask.png	png runtime/source
areaeleusisstrongholdoverlay	png	Assets/Images/Legacy/Resources/AreaEleusisStrongholdOverlay.png	png runtime/source
areaforestsbattle	png	Assets/Images/Legacy/Resources/AreaForestsBattle.png	png runtime/source
areaforestsmap	png	Assets/Images/Legacy/Resources/AreaForestsMap.png	png runtime/source
areaforestsmask	png	Assets/Images/Legacy/Resources/AreaForestsMask.png	png runtime/source
areaforestsoverlay	png	Assets/Images/Legacy/Resources/AreaForestsOverlay.png	png runtime/source
areameadowsbattle	png	Assets/Images/Legacy/Resources/AreaMeadowsBattle.png	png runtime/source
areameadowsmap	png	Assets/Images/Legacy/Resources/AreaMeadowsMap.png	png runtime/source
areameadowsmask	png	Assets/Images/Legacy/Resources/AreaMeadowsMask.png	png runtime/source
areameadowsoverlay	png	Assets/Images/Legacy/Resources/AreaMeadowsOverlay.png	png runtime/source
areamountainsbattle	png	Assets/Images/Legacy/Resources/AreaMountainsBattle.png	png runtime/source
areamountainsmap	png	Assets/Images/Legacy/Resources/AreaMountainsMap.png	png runtime/source
areamountainsmask	png	Assets/Images/Legacy/Resources/AreaMountainsMask.png	png runtime/source
areamountainsoverlay	png	Assets/Images/Legacy/Resources/AreaMountainsOverlay.png	png runtime/source
areapeakbattle	png	Assets/Images/Legacy/Resources/AreaPeakBattle.png	png runtime/source
areapeakmap	png	Assets/Images/Legacy/Resources/AreaPeakMap.png	png runtime/source
areapeakmask	png	Assets/Images/Legacy/Resources/AreaPeakMask.png	png runtime/source
areapeakoverlay	png	Assets/Images/Legacy/Resources/AreaPeakOverlay.png	png runtime/source
arena	cdr	Assets/Images/Source/DragonArcadia/art/start_screen/arena.cdr	cdr+psd both present; cdr preferred as vector master
arena1	psd	Assets/Images/Source/DragonArcadia/art/start_screen/arena1.psd	psd master
arena2	psd	Assets/Images/Source/DragonArcadia/art/start_screen/arena2.psd	psd master
armor_background	psd	Assets/Images/Source/DragonArcadia/art/schools/armor_background.psd	psd master
armors	cdr	Assets/Images/Source/DragonArcadia/art/armors/armors.cdr	cdr master
arrowhit	wav	Assets/Sounds/Source/DragonArcadia/sounds/arrowhit.wav	audio source
aspeed1	psd	Assets/Images/Source/DragonArcadia/art/major_minors_and_hobbies/old/major/aspeed1.psd	psd master
aspeed2	psd	Assets/Images/Source/DragonArcadia/art/major_minors_and_hobbies/old/major/aspeed2.psd	psd master
assassin	psd	Assets/Images/Source/DragonArcadia/art/occupations/assassin.psd	psd master
assault	psd	Assets/Images/Source/DragonArcadia/art/major_minors_and_hobbies/majors/assault.psd	psd master
astrength	psd	Assets/Images/Source/DragonArcadia/art/major_minors_and_hobbies/old/major/astrength.psd	psd master
avatarranger	png	Assets/Images/Legacy/Resources/AvatarRanger.png	png runtime/source
avatarsorcerer	png	Assets/Images/Legacy/Resources/AvatarSorcerer.png	png runtime/source
avatarwarrior	png	Assets/Images/Legacy/Resources/AvatarWarrior.png	png runtime/source
background	cdr	Assets/Images/Source/DragonArcadia/art/background/background.cdr	cdr+psd both present; cdr preferred as vector master
bandit	psd	Assets/Images/Source/DragonArcadia/art/occupations/bandit.psd	psd master
battle	psd	Assets/Images/Source/DragonArcadia/art/major_minors_and_hobbies/majors/battle.psd	psd master
battleaction	png	Assets/Images/Legacy/Resources/BattleAction.png	png runtime/source
battleactionalt	png	Assets/Images/Legacy/Resources/BattleActionAlt.png	png runtime/source
battlearena	png	Assets/Images/Legacy/Resources/BattleArena.png	png runtime/source
battlebackground	png	Assets/Images/Legacy/Resources/BattleBackground.png	png runtime/source
battlecast	wav	Assets/Sounds/Legacy/Resources/BattleCast.wav	audio source
battledeath	aif	Assets/Sounds/Legacy/PowerPlug/battleDeath.aif	audio source
battledefeat	wav	Assets/Sounds/Legacy/Resources/BattleDefeat.wav	audio source
battledink	aif	Assets/Sounds/Legacy/PowerPlug/battleDink.aif	audio source
battleenemycaves	png	Assets/Images/Legacy/Resources/BattleEnemyCaves.png	png runtime/source
battleenemycavesa	png	Assets/Images/Legacy/Resources/BattleEnemyCavesA.png	png runtime/source
battleenemycavesb	png	Assets/Images/Legacy/Resources/BattleEnemyCavesB.png	png runtime/source
battleenemycavesc	png	Assets/Images/Legacy/Resources/BattleEnemyCavesC.png	png runtime/source
battleenemycavesd	png	Assets/Images/Legacy/Resources/BattleEnemyCavesD.png	png runtime/source
battleenemyeleusis	png	Assets/Images/Legacy/Resources/BattleEnemyEleusis.png	png runtime/source
battleenemyeleusisa	png	Assets/Images/Legacy/Resources/BattleEnemyEleusisA.png	png runtime/source
battleenemyeleusisb	png	Assets/Images/Legacy/Resources/BattleEnemyEleusisB.png	png runtime/source
battleenemyeleusisc	png	Assets/Images/Legacy/Resources/BattleEnemyEleusisC.png	png runtime/source
battleenemyeleusisd	png	Assets/Images/Legacy/Resources/BattleEnemyEleusisD.png	png runtime/source
battleenemyforests	png	Assets/Images/Legacy/Resources/BattleEnemyForests.png	png runtime/source
battleenemyforestsa	png	Assets/Images/Legacy/Resources/BattleEnemyForestsA.png	png runtime/source
battleenemyforestsb	png	Assets/Images/Legacy/Resources/BattleEnemyForestsB.png	png runtime/source
battleenemyforestsc	png	Assets/Images/Legacy/Resources/BattleEnemyForestsC.png	png runtime/source
battleenemyforestsd	png	Assets/Images/Legacy/Resources/BattleEnemyForestsD.png	png runtime/source
battleenemylegacyp1000s1000	png	Assets/Images/Legacy/BattleSprites/BattleEnemyLegacyP1000S1000.png	png runtime/source
battleenemylegacyp1000s1001	png	Assets/Images/Legacy/BattleSprites/BattleEnemyLegacyP1000S1001.png	png runtime/source
battleenemylegacyp1000s1002	png	Assets/Images/Legacy/BattleSprites/BattleEnemyLegacyP1000S1002.png	png runtime/source
battleenemylegacyp1000s1003	png	Assets/Images/Legacy/BattleSprites/BattleEnemyLegacyP1000S1003.png	png runtime/source
battleenemylegacyp1000s1004	png	Assets/Images/Legacy/BattleSprites/BattleEnemyLegacyP1000S1004.png	png runtime/source
battleenemylegacyp1000s1005	png	Assets/Images/Legacy/BattleSprites/BattleEnemyLegacyP1000S1005.png	png runtime/source
battleenemylegacyp1000s1006	png	Assets/Images/Legacy/BattleSprites/BattleEnemyLegacyP1000S1006.png	png runtime/source
battleenemylegacyp1000s1007	png	Assets/Images/Legacy/BattleSprites/BattleEnemyLegacyP1000S1007.png	png runtime/source
battleenemylegacyp1000s1008	png	Assets/Images/Legacy/BattleSprites/BattleEnemyLegacyP1000S1008.png	png runtime/source
battleenemylegacyp1000s1009	png	Assets/Images/Legacy/BattleSprites/BattleEnemyLegacyP1000S1009.png	png runtime/source
battleenemylegacyp1000s1010	png	Assets/Images/Legacy/BattleSprites/BattleEnemyLegacyP1000S1010.png	png runtime/source
battleenemylegacyp1000s1011	png	Assets/Images/Legacy/BattleSprites/BattleEnemyLegacyP1000S1011.png	png runtime/source
battleenemylegacyp1000s1018	png	Assets/Images/Legacy/BattleSprites/BattleEnemyLegacyP1000S1018.png	png runtime/source
battleenemylegacyp1000s1019	png	Assets/Images/Legacy/BattleSprites/BattleEnemyLegacyP1000S1019.png	png runtime/source
battleenemylegacyp1000s1020	png	Assets/Images/Legacy/BattleSprites/BattleEnemyLegacyP1000S1020.png	png runtime/source
battleenemylegacyp1000s1021	png	Assets/Images/Legacy/BattleSprites/BattleEnemyLegacyP1000S1021.png	png runtime/source
battleenemylegacyp1000s1022	png	Assets/Images/Legacy/BattleSprites/BattleEnemyLegacyP1000S1022.png	png runtime/source
battleenemylegacyp1000s1023	png	Assets/Images/Legacy/BattleSprites/BattleEnemyLegacyP1000S1023.png	png runtime/source
battleenemylegacyp1000s1024	png	Assets/Images/Legacy/BattleSprites/BattleEnemyLegacyP1000S1024.png	png runtime/source
battleenemylegacyp1000s1025	png	Assets/Images/Legacy/BattleSprites/BattleEnemyLegacyP1000S1025.png	png runtime/source
battleenemylegacyp1000s1026	png	Assets/Images/Legacy/BattleSprites/BattleEnemyLegacyP1000S1026.png	png runtime/source
battleenemylegacyp1000s1027	png	Assets/Images/Legacy/BattleSprites/BattleEnemyLegacyP1000S1027.png	png runtime/source
battleenemylegacyp1s9000	png	Assets/Images/Legacy/BattleSprites/BattleEnemyLegacyP1S9000.png	png runtime/source
battleenemylegacyp2s1000	png	Assets/Images/Legacy/BattleSprites/BattleEnemyLegacyP2S1000.png	png runtime/source
battleenemylegacyp2s1001	png	Assets/Images/Legacy/BattleSprites/BattleEnemyLegacyP2S1001.png	png runtime/source
battleenemylegacyp2s1002	png	Assets/Images/Legacy/BattleSprites/BattleEnemyLegacyP2S1002.png	png runtime/source
battleenemylegacyp2s1003	png	Assets/Images/Legacy/BattleSprites/BattleEnemyLegacyP2S1003.png	png runtime/source
battleenemylegacyp2s1004	png	Assets/Images/Legacy/BattleSprites/BattleEnemyLegacyP2S1004.png	png runtime/source
battleenemylegacyp2s1005	png	Assets/Images/Legacy/BattleSprites/BattleEnemyLegacyP2S1005.png	png runtime/source
battleenemylegacyp2s1006	png	Assets/Images/Legacy/BattleSprites/BattleEnemyLegacyP2S1006.png	png runtime/source
battleenemylegacyp2s1007	png	Assets/Images/Legacy/BattleSprites/BattleEnemyLegacyP2S1007.png	png runtime/source
battleenemylegacyp2s1008	png	Assets/Images/Legacy/BattleSprites/BattleEnemyLegacyP2S1008.png	png runtime/source
battleenemylegacyp2s1009	png	Assets/Images/Legacy/BattleSprites/BattleEnemyLegacyP2S1009.png	png runtime/source
battleenemylegacyp2s1010	png	Assets/Images/Legacy/BattleSprites/BattleEnemyLegacyP2S1010.png	png runtime/source
battleenemylegacyp2s1011	png	Assets/Images/Legacy/BattleSprites/BattleEnemyLegacyP2S1011.png	png runtime/source
battleenemylegacyp3s1000	png	Assets/Images/Legacy/BattleSprites/BattleEnemyLegacyP3S1000.png	png runtime/source
battleenemylegacyp3s1001	png	Assets/Images/Legacy/BattleSprites/BattleEnemyLegacyP3S1001.png	png runtime/source
battleenemylegacyp3s1002	png	Assets/Images/Legacy/BattleSprites/BattleEnemyLegacyP3S1002.png	png runtime/source
battleenemylegacyp3s1003	png	Assets/Images/Legacy/BattleSprites/BattleEnemyLegacyP3S1003.png	png runtime/source
battleenemylegacyp3s1004	png	Assets/Images/Legacy/BattleSprites/BattleEnemyLegacyP3S1004.png	png runtime/source
battleenemylegacyp3s1005	png	Assets/Images/Legacy/BattleSprites/BattleEnemyLegacyP3S1005.png	png runtime/source
battleenemylegacyp3s1006	png	Assets/Images/Legacy/BattleSprites/BattleEnemyLegacyP3S1006.png	png runtime/source
battleenemylegacyp3s1007	png	Assets/Images/Legacy/BattleSprites/BattleEnemyLegacyP3S1007.png	png runtime/source
battleenemylegacyp3s1008	png	Assets/Images/Legacy/BattleSprites/BattleEnemyLegacyP3S1008.png	png runtime/source
battleenemylegacyp3s1009	png	Assets/Images/Legacy/BattleSprites/BattleEnemyLegacyP3S1009.png	png runtime/source
battleenemylegacyp3s1010	png	Assets/Images/Legacy/BattleSprites/BattleEnemyLegacyP3S1010.png	png runtime/source
battleenemylegacyp4s1000	png	Assets/Images/Legacy/BattleSprites/BattleEnemyLegacyP4S1000.png	png runtime/source
battleenemylegacyp4s1001	png	Assets/Images/Legacy/BattleSprites/BattleEnemyLegacyP4S1001.png	png runtime/source
battleenemylegacyp4s1002	png	Assets/Images/Legacy/BattleSprites/BattleEnemyLegacyP4S1002.png	png runtime/source
battleenemylegacyp4s1003	png	Assets/Images/Legacy/BattleSprites/BattleEnemyLegacyP4S1003.png	png runtime/source
battleenemylegacyp4s1004	png	Assets/Images/Legacy/BattleSprites/BattleEnemyLegacyP4S1004.png	png runtime/source
battleenemylegacyp4s1005	png	Assets/Images/Legacy/BattleSprites/BattleEnemyLegacyP4S1005.png	png runtime/source
battleenemylegacyp4s1006	png	Assets/Images/Legacy/BattleSprites/BattleEnemyLegacyP4S1006.png	png runtime/source
battleenemylegacyp4s1007	png	Assets/Images/Legacy/BattleSprites/BattleEnemyLegacyP4S1007.png	png runtime/source
battleenemylegacyp4s1008	png	Assets/Images/Legacy/BattleSprites/BattleEnemyLegacyP4S1008.png	png runtime/source
battleenemylegacyp4s1009	png	Assets/Images/Legacy/BattleSprites/BattleEnemyLegacyP4S1009.png	png runtime/source
battleenemylegacyp4s1010	png	Assets/Images/Legacy/BattleSprites/BattleEnemyLegacyP4S1010.png	png runtime/source
battleenemylegacyp4s1011	png	Assets/Images/Legacy/BattleSprites/BattleEnemyLegacyP4S1011.png	png runtime/source
battleenemymeadows	png	Assets/Images/Legacy/Resources/BattleEnemyMeadows.png	png runtime/source
battleenemymeadowsa	png	Assets/Images/Legacy/Resources/BattleEnemyMeadowsA.png	png runtime/source
battleenemymeadowsb	png	Assets/Images/Legacy/Resources/BattleEnemyMeadowsB.png	png runtime/source
battleenemymeadowsc	png	Assets/Images/Legacy/Resources/BattleEnemyMeadowsC.png	png runtime/source
battleenemymeadowsd	png	Assets/Images/Legacy/Resources/BattleEnemyMeadowsD.png	png runtime/source
battleenemymountains	png	Assets/Images/Legacy/Resources/BattleEnemyMountains.png	png runtime/source
battleenemymountainsa	png	Assets/Images/Legacy/Resources/BattleEnemyMountainsA.png	png runtime/source
battleenemymountainsb	png	Assets/Images/Legacy/Resources/BattleEnemyMountainsB.png	png runtime/source
battleenemymountainsc	png	Assets/Images/Legacy/Resources/BattleEnemyMountainsC.png	png runtime/source
battleenemymountainsd	png	Assets/Images/Legacy/Resources/BattleEnemyMountainsD.png	png runtime/source
battleenemypeak	png	Assets/Images/Legacy/Resources/BattleEnemyPeak.png	png runtime/source
battleenemypeaka	png	Assets/Images/Legacy/Resources/BattleEnemyPeakA.png	png runtime/source
battleenemypeakb	png	Assets/Images/Legacy/Resources/BattleEnemyPeakB.png	png runtime/source
battleenemypeakc	png	Assets/Images/Legacy/Resources/BattleEnemyPeakC.png	png runtime/source
battleenemypeakd	png	Assets/Images/Legacy/Resources/BattleEnemyPeakD.png	png runtime/source
battlefxaircast	png	Assets/Images/Legacy/Resources/BattleFxAirCast.png	png runtime/source
battlefxairhit	png	Assets/Images/Legacy/Resources/BattleFxAirHit.png	png runtime/source
battlefxattackhit	png	Assets/Images/Legacy/Resources/BattleFxAttackHit.png	png runtime/source
battlefxdarkcast	png	Assets/Images/Legacy/Resources/BattleFxDarkCast.png	png runtime/source
battlefxdarkhit	png	Assets/Images/Legacy/Resources/BattleFxDarkHit.png	png runtime/source
battlefxearthcast	png	Assets/Images/Legacy/Resources/BattleFxEarthCast.png	png runtime/source
battlefxearthhit	png	Assets/Images/Legacy/Resources/BattleFxEarthHit.png	png runtime/source
battlefxfirecast	png	Assets/Images/Legacy/Resources/BattleFxFireCast.png	png runtime/source
battlefxfirehit	png	Assets/Images/Legacy/Resources/BattleFxFireHit.png	png runtime/source
battlefxhealhit	png	Assets/Images/Legacy/Resources/BattleFxHealHit.png	png runtime/source
battlefxlightcast	png	Assets/Images/Legacy/Resources/BattleFxLightCast.png	png runtime/source
battlefxlighthit	png	Assets/Images/Legacy/Resources/BattleFxLightHit.png	png runtime/source
battlefxnonecast	png	Assets/Images/Legacy/Resources/BattleFxNoneCast.png	png runtime/source
battlefxwatercast	png	Assets/Images/Legacy/Resources/BattleFxWaterCast.png	png runtime/source
battlefxwaterhit	png	Assets/Images/Legacy/Resources/BattleFxWaterHit.png	png runtime/source
battlegameover	png	Assets/Images/Legacy/Resources/BattleGameOver.png	png runtime/source
battlehealthback	png	Assets/Images/Legacy/Resources/BattleHealthBack.png	png runtime/source
battlehealthfill	png	Assets/Images/Legacy/Resources/BattleHealthFill.png	png runtime/source
battlehit	wav	Assets/Sounds/Legacy/Resources/BattleHit.wav	audio source
battlemiss	wav	Assets/Sounds/Legacy/Resources/BattleMiss.wav	audio source
battleoverlay	png	Assets/Images/Legacy/Resources/BattleOverlay.png	png runtime/source
battleplayerranger	png	Assets/Images/Legacy/Resources/BattlePlayerRanger.png	png runtime/source
battleplayersorcerer	png	Assets/Images/Legacy/Resources/BattlePlayerSorcerer.png	png runtime/source
battleplayerwarrior	png	Assets/Images/Legacy/Resources/BattlePlayerWarrior.png	png runtime/source
battles	psd	Assets/Images/Source/DragonArcadia/art/characters/battles.psd	psd master
bear	cdr	Assets/Images/Source/DragonArcadia/art/elements/bear.cdr	cdr master
beast_flying_dragon	cdr	Assets/Images/Source/DragonArcadia/art/enemies/beast_flying_dragon.cdr	cdr master
bee_zombie1_gun_guy_rock_guy	cdr	Assets/Images/Source/DragonArcadia/art/enemies/bee_zombie1_gun_guy_rock_guy.cdr	cdr master
berserker	psd	Assets/Images/Source/DragonArcadia/art/occupations/berserker.psd	psd master
black	psd	Assets/Images/Source/DragonArcadia/art/major_minors_and_hobbies/old/minors/black.psd	psd master
black_knight_tiger_dragon	cdr	Assets/Images/Source/DragonArcadia/art/enemies/black_knight_tiger_dragon.cdr	cdr master
blackmagic	psd	Assets/Images/Source/DragonArcadia/art/major_minors_and_hobbies/minors/blackmagic.psd	psd master
both	cdr	Assets/Images/Source/DragonArcadia/art/characters/both.cdr	cdr master
boy	cdr	Assets/Images/Source/DragonArcadia/art/characters/boy.cdr	cdr master
boy1	psd	Assets/Images/Source/DragonArcadia/art/characters/boy1.psd	psd master
boy2	psd	Assets/Images/Source/DragonArcadia/art/characters/boy2.psd	psd master
boy3	psd	Assets/Images/Source/DragonArcadia/art/characters/boy3.psd	psd master
boy4	psd	Assets/Images/Source/DragonArcadia/art/characters/boy4.psd	psd master
boy5	psd	Assets/Images/Source/DragonArcadia/art/characters/boy5.psd	psd master
bricksfall	wav	Assets/Sounds/Source/DragonArcadia/sounds/bricksfall.wav	audio source
bulletbody	wav	Assets/Sounds/Source/DragonArcadia/sounds/bulletbody.wav	audio source
carved_carve_0009	mid	Assets/Music/Original/MIDI/Carved__carve_0009.mid	midi source
cavalier	psd	Assets/Images/Source/DragonArcadia/art/occupations/cavalier.psd	psd master
caves_battle	mid	Assets/Music/Original/MIDI/Caves__battle.mid	midi source
caves_map	mid	Assets/Music/Original/MIDI/Caves__map.mid	midi source
cd	cdr	Assets/Images/Source/DragonArcadia/art/hero_screen/cd.cdr	cdr master
chop	wav	Assets/Sounds/Source/DragonArcadia/sounds/chop.wav	audio source
cleric	psd	Assets/Images/Source/DragonArcadia/art/occupations/cleric.psd	psd master
click	wav	Assets/Sounds/Source/DragonArcadia/sounds/click.wav	audio source
click2	wav	Assets/Sounds/Source/DragonArcadia/sounds/click2.wav	audio source
clickfast	wav	Assets/Sounds/Source/DragonArcadia/sounds/clickfast.wav	audio source
clickon	wav	Assets/Sounds/Source/DragonArcadia/sounds/clickon.wav	audio source
commondefense	psd	Assets/Images/Source/DragonArcadia/art/major_minors_and_hobbies/majors/commondefense.psd	psd master
commonmagic	psd	Assets/Images/Source/DragonArcadia/art/major_minors_and_hobbies/majors/commonmagic.psd	psd master
commonspeed	psd	Assets/Images/Source/DragonArcadia/art/major_minors_and_hobbies/majors/commonspeed.psd	psd master
commonstrength	psd	Assets/Images/Source/DragonArcadia/art/major_minors_and_hobbies/majors/commonstrength.psd	psd master
core_battle	mid	Assets/Music/Original/MIDI/Core__battle.mid	midi source
core_map	mid	Assets/Music/Original/MIDI/Core__map.mid	midi source
defense	psd	Assets/Images/Source/DragonArcadia/art/major_minors_and_hobbies/old/major/defense.psd	psd master
defense1	psd	Assets/Images/Source/DragonArcadia/art/schools/defense1.psd	psd master
defense2	psd	Assets/Images/Source/DragonArcadia/art/schools/defense2.psd	psd master
defense3	psd	Assets/Images/Source/DragonArcadia/art/schools/defense3.psd	psd master
defensearts	psd	Assets/Images/Source/DragonArcadia/art/major_minors_and_hobbies/minors/defensearts.psd	psd master
defensemastery	psd	Assets/Images/Source/DragonArcadia/art/major_minors_and_hobbies/majors/defensemastery.psd	psd master
delete2	psd	Assets/Images/Source/DragonArcadia/art/hero_screen/delete2.psd	psd master
dojo	psd	Assets/Images/Source/DragonArcadia/art/schools/dojo.psd	psd master
dojo_background	psd	Assets/Images/Source/DragonArcadia/art/schools/dojo_background.psd	psd master
dojo_background2	psd	Assets/Images/Source/DragonArcadia/art/schools/dojo_background2.psd	psd master
dragon	cdr	Assets/Images/Source/DragonArcadia/art/monsters/dragon.cdr	cdr+psd both present; cdr preferred as vector master
dragon1	cdr	Assets/Images/Source/DragonArcadia/art/enemies/dragon1.cdr	cdr+psd both present; cdr preferred as vector master
dragoon	psd	Assets/Images/Source/DragonArcadia/art/occupations/dragoon.psd	psd master
earth	psd	Assets/Images/Source/DragonArcadia/art/elements/earth.psd	psd master
earth_element	cdr	Assets/Images/Source/DragonArcadia/art/elements/earth_element.cdr	cdr+psd both present; cdr preferred as vector master
element_choices	psd	Assets/Images/Source/DragonArcadia/art/elements/element_choices.psd	psd master
element_icons	psd	Assets/Images/Source/DragonArcadia/art/elements/element_icons.psd	psd master
elements	cdr	Assets/Images/Source/DragonArcadia/art/elements/elements.cdr	cdr+psd both present; cdr preferred as vector master
enchanter	psd	Assets/Images/Source/DragonArcadia/art/occupations/enchanter.psd	psd master
fencer	psd	Assets/Images/Source/DragonArcadia/art/occupations/fencer.psd	psd master
fighter	psd	Assets/Images/Source/DragonArcadia/art/occupations/fighter.psd	psd master
fire	psd	Assets/Images/Source/DragonArcadia/art/elements/fire.psd	psd master
fire_element	cdr	Assets/Images/Source/DragonArcadia/art/elements/fire_element.cdr	cdr+psd both present; cdr preferred as vector master
fire_icon	cdr	Assets/Images/Source/DragonArcadia/art/elements/fire_icon.cdr	cdr+psd both present; cdr preferred as vector master
flashbulb	wav	Assets/Sounds/Source/DragonArcadia/sounds/flashbulb.wav	audio source
floppy	cdr	Assets/Images/Source/DragonArcadia/art/hero_screen/floppy.cdr	cdr+psd both present; cdr preferred as vector master
floppy2	psd	Assets/Images/Source/DragonArcadia/art/hero_screen/floppy2.psd	psd master
flying_joust	cdr	Assets/Images/Source/DragonArcadia/art/enemies/flying_joust.cdr	cdr master
focus	psd	Assets/Images/Source/DragonArcadia/art/major_minors_and_hobbies/old/minors/focus.psd	psd master
fontmissionheader	txt	Assets/Fonts/Legacy/Resources/FontMissionHeader.txt	font definition master
fontmissiontext	txt	Assets/Fonts/Legacy/Resources/FontMissionText.txt	font definition master
forest_battle	mid	Assets/Music/Original/MIDI/Forest__battle.mid	midi source
forest_map	mid	Assets/Music/Original/MIDI/Forest__map.mid	midi source
gettreasure	aif	Assets/Sounds/Legacy/PowerPlug/getTreasure.aif	audio source
girl	cdr	Assets/Images/Source/DragonArcadia/art/characters/girl.cdr	cdr master
girl1	psd	Assets/Images/Source/DragonArcadia/art/characters/girl1.psd	psd master
girl2	psd	Assets/Images/Source/DragonArcadia/art/characters/girl2.psd	psd master
girl3	psd	Assets/Images/Source/DragonArcadia/art/characters/girl3.psd	psd master
girl4	psd	Assets/Images/Source/DragonArcadia/art/characters/girl4.psd	psd master
girl5	psd	Assets/Images/Source/DragonArcadia/art/characters/girl5.psd	psd master
goblin_archer	psd	Assets/Images/Source/DragonArcadia/art/enemies/goblin_archer.psd	psd master
goblin_fighter	psd	Assets/Images/Source/DragonArcadia/art/enemies/goblin_fighter.psd	psd master
goblin_mage	psd	Assets/Images/Source/DragonArcadia/art/enemies/goblin_mage.psd	psd master
goblin_sentinel	psd	Assets/Images/Source/DragonArcadia/art/enemies/goblin_sentinel.psd	psd master
goblin_temp	cdr	Assets/Images/Source/DragonArcadia/art/enemies/goblin_temp.cdr	cdr master
goblin_wizard	psd	Assets/Images/Source/DragonArcadia/art/enemies/goblin_wizard.psd	psd master
goblins	cdr	Assets/Images/Source/DragonArcadia/art/enemies/goblins.cdr	cdr master
graphic1	cdr	Assets/Images/Source/DragonArcadia/art/occupations/graphic1.cdr	cdr+psd both present; cdr preferred as vector master
graphic2	psd	Assets/Images/Source/DragonArcadia/art/background/graphic2.psd	psd master
graphic3	psd	Assets/Images/Source/DragonArcadia/art/background/graphic3.psd	psd master
graphic4	psd	Assets/Images/Source/DragonArcadia/art/background/graphic4.psd	psd master
graphic5	psd	Assets/Images/Source/DragonArcadia/art/background/graphic5.psd	psd master
graphic6	psd	Assets/Images/Source/DragonArcadia/art/background/graphic6.psd	psd master
graphic7	psd	Assets/Images/Source/DragonArcadia/art/background/graphic7.psd	psd master
graphic8	psd	Assets/Images/Source/DragonArcadia/art/background/graphic8.psd	psd master
graphic9	psd	Assets/Images/Source/DragonArcadia/art/background/graphic9.psd	psd master
graphic91	psd	Assets/Images/Source/DragonArcadia/art/background/graphic91.psd	psd master
graphic92	psd	Assets/Images/Source/DragonArcadia/art/background/graphic92.psd	psd master
graphic93	psd	Assets/Images/Source/DragonArcadia/art/background/graphic93.psd	psd master
graphic94	psd	Assets/Images/Source/DragonArcadia/art/background/graphic94.psd	psd master
graphic95	psd	Assets/Images/Source/DragonArcadia/art/background/graphic95.psd	psd master
graphic96	psd	Assets/Images/Source/DragonArcadia/art/background/graphic96.psd	psd master
graphic97	psd	Assets/Images/Source/DragonArcadia/art/background/graphic97.psd	psd master
graphic98	psd	Assets/Images/Source/DragonArcadia/art/background/graphic98.psd	psd master
graphic99	psd	Assets/Images/Source/DragonArcadia/art/background/graphic99.psd	psd master
graphic991	psd	Assets/Images/Source/DragonArcadia/art/background/graphic991.psd	psd master
graphic992	psd	Assets/Images/Source/DragonArcadia/art/background/graphic992.psd	psd master
graphic993	psd	Assets/Images/Source/DragonArcadia/art/background/graphic993.psd	psd master
graphic994	psd	Assets/Images/Source/DragonArcadia/art/background/graphic994.psd	psd master
graphic995	psd	Assets/Images/Source/DragonArcadia/art/background/graphic995.psd	psd master
graphic996	psd	Assets/Images/Source/DragonArcadia/art/background/graphic996.psd	psd master
heal	wav	Assets/Sounds/Legacy/Resources/Heal.wav	audio source
hero	psd	Assets/Images/Source/DragonArcadia/art/occupations/hero.psd	psd master
hiddenvenues	psd	Assets/Images/Source/DragonArcadia/art/major_minors_and_hobbies/majors/hiddenvenues.psd	psd master
hithard	wav	Assets/Sounds/Source/DragonArcadia/sounds/hithard.wav	audio source
icons	psd	Assets/Images/Source/DragonArcadia/art/elements/icons.psd	psd master
itemadeptwand	png	Assets/Images/Legacy/Resources/ItemAdeptWand.png	png runtime/source
itemdragontalisman	png	Assets/Images/Legacy/Resources/ItemDragonTalisman.png	png runtime/source
itemfirescroll	png	Assets/Images/Legacy/Resources/ItemFireScroll.png	png runtime/source
itemguardianring	png	Assets/Images/Legacy/Resources/ItemGuardianRing.png	png runtime/source
itemhealthpotion	png	Assets/Images/Legacy/Resources/ItemHealthPotion.png	png runtime/source
itemhunterbow	png	Assets/Images/Legacy/Resources/ItemHunterBow.png	png runtime/source
itemironblade	png	Assets/Images/Legacy/Resources/ItemIronBlade.png	png runtime/source
itemleatherarmor	png	Assets/Images/Legacy/Resources/ItemLeatherArmor.png	png runtime/source
itemmystictome	png	Assets/Images/Legacy/Resources/ItemMysticTome.png	png runtime/source
itemscoutcharm	png	Assets/Images/Legacy/Resources/ItemScoutCharm.png	png runtime/source
itemseercharm	png	Assets/Images/Legacy/Resources/ItemSeerCharm.png	png runtime/source
itemsteelsaber	png	Assets/Images/Legacy/Resources/ItemSteelSaber.png	png runtime/source
itemtowershield	png	Assets/Images/Legacy/Resources/ItemTowerShield.png	png runtime/source
itemtravelercloak	png	Assets/Images/Legacy/Resources/ItemTravelerCloak.png	png runtime/source
itemwarhammer	png	Assets/Images/Legacy/Resources/ItemWarHammer.png	png runtime/source
knight	psd	Assets/Images/Source/DragonArcadia/art/occupations/knight.psd	psd master
lancer	psd	Assets/Images/Source/DragonArcadia/art/occupations/lancer.psd	psd master
legacymapdrawp1000d400	png	Assets/Images/Legacy/DrawResources/LegacyMapDrawP1000D400.png	png runtime/source
legacymapdrawp1000d401	png	Assets/Images/Legacy/DrawResources/LegacyMapDrawP1000D401.png	png runtime/source
legacymapdrawp1d128	png	Assets/Images/Legacy/DrawResources/LegacyMapDrawP1D128.png	png runtime/source
legacymapdrawp1d129	png	Assets/Images/Legacy/DrawResources/LegacyMapDrawP1D129.png	png runtime/source
legacymapdrawp2d200	png	Assets/Images/Legacy/DrawResources/LegacyMapDrawP2D200.png	png runtime/source
legacymapdrawp2d201	png	Assets/Images/Legacy/DrawResources/LegacyMapDrawP2D201.png	png runtime/source
legacymapdrawp2d202	png	Assets/Images/Legacy/DrawResources/LegacyMapDrawP2D202.png	png runtime/source
legacymapdrawp2d203	png	Assets/Images/Legacy/DrawResources/LegacyMapDrawP2D203.png	png runtime/source
legacymapdrawp2d204	png	Assets/Images/Legacy/DrawResources/LegacyMapDrawP2D204.png	png runtime/source
legacymapdrawp3d128	png	Assets/Images/Legacy/DrawResources/LegacyMapDrawP3D128.png	png runtime/source
legacymapdrawp3d900	png	Assets/Images/Legacy/DrawResources/LegacyMapDrawP3D900.png	png runtime/source
legacymapdrawp3d902	png	Assets/Images/Legacy/DrawResources/LegacyMapDrawP3D902.png	png runtime/source
legacymapdrawp4d128	png	Assets/Images/Legacy/DrawResources/LegacyMapDrawP4D128.png	png runtime/source
legacymapdrawp4d129	png	Assets/Images/Legacy/DrawResources/LegacyMapDrawP4D129.png	png runtime/source
legacymapdrawp4d130	png	Assets/Images/Legacy/DrawResources/LegacyMapDrawP4D130.png	png runtime/source
legacymapdrawp4d131	png	Assets/Images/Legacy/DrawResources/LegacyMapDrawP4D131.png	png runtime/source
levelup	wav	Assets/Sounds/Legacy/Resources/LevelUp.wav	audio source
liquidblast	wav	Assets/Sounds/Source/DragonArcadia/sounds/liquidblast.wav	audio source
logo	psd	Assets/Images/Source/DragonArcadia/art/logo.psd	psd master
mage	psd	Assets/Images/Source/DragonArcadia/art/occupations/mage.psd	psd master
magic	psd	Assets/Images/Source/DragonArcadia/art/major_minors_and_hobbies/old/major/magic.psd	psd master
magic1	cpt	Assets/Images/Source/DragonArcadia/art/major_minors_and_hobbies/old/major/magic1.cpt	legacy raster source
magic3	cdr	Assets/Images/Source/DragonArcadia/art/major_minors_and_hobbies/old/major/magic3.cdr	cdr master
magic_background	psd	Assets/Images/Source/DragonArcadia/art/schools/magic_background.psd	psd master
magicarts	psd	Assets/Images/Source/DragonArcadia/art/major_minors_and_hobbies/minors/magicarts.psd	psd master
magicmastery	psd	Assets/Images/Source/DragonArcadia/art/major_minors_and_hobbies/majors/magicmastery.psd	psd master
majors	psd	Assets/Images/Source/DragonArcadia/art/major_minors_and_hobbies/majors/majors.psd	psd master
map	psd	Assets/Images/Source/DragonArcadia/art/map_pictures/map.psd	psd master
match	wav	Assets/Sounds/Source/DragonArcadia/sounds/match.wav	audio source
meadows_map	mid	Assets/Music/Original/MIDI/Meadows__map.mid	midi source
metal2	wav	Assets/Sounds/Source/DragonArcadia/sounds/metal2.wav	audio source
military	psd	Assets/Images/Source/DragonArcadia/art/major_minors_and_hobbies/majors/military.psd	psd master
minors	psd	Assets/Images/Source/DragonArcadia/art/major_minors_and_hobbies/minors/minors.psd	psd master
monk	psd	Assets/Images/Source/DragonArcadia/art/occupations/monk.psd	psd master
mountain_battle	mid	Assets/Music/Original/MIDI/Mountain__battle.mid	midi source
mountain_map	mid	Assets/Music/Original/MIDI/Mountain__map.mid	midi source
movebumpa	wav	Assets/Sounds/Legacy/Resources/MoveBumpA.wav	audio source
movebumpb	wav	Assets/Sounds/Legacy/Resources/MoveBumpB.wav	audio source
movebumpc	wav	Assets/Sounds/Legacy/Resources/MoveBumpC.wav	audio source
movebumpd	wav	Assets/Sounds/Legacy/Resources/MoveBumpD.wav	audio source
movepatha	wav	Assets/Sounds/Legacy/Resources/MovePathA.wav	audio source
movepathb	wav	Assets/Sounds/Legacy/Resources/MovePathB.wav	audio source
movepathc	wav	Assets/Sounds/Legacy/Resources/MovePathC.wav	audio source
mummy	cdr	Assets/Images/Source/DragonArcadia/art/enemies/mummy.cdr	cdr master
mystic	psd	Assets/Images/Source/DragonArcadia/art/major_minors_and_hobbies/minors/mystic.psd	psd master
newavatarbackground	png	Assets/Images/Legacy/Resources/NewAvatarBackground.png	png runtime/source
newavatarbutton	png	Assets/Images/Legacy/Resources/NewAvatarButton.png	png runtime/source
newavatarbuttonalt	png	Assets/Images/Legacy/Resources/NewAvatarButtonAlt.png	png runtime/source
newavatarcard	png	Assets/Images/Legacy/Resources/NewAvatarCard.png	png runtime/source
newavatarpanel	png	Assets/Images/Legacy/Resources/NewAvatarPanel.png	png runtime/source
newavatarselected	png	Assets/Images/Legacy/Resources/NewAvatarSelected.png	png runtime/source
newgamebackground	png	Assets/Images/Legacy/Resources/NewGameBackground.png	png runtime/source
newgamedelete	png	Assets/Images/Legacy/Resources/NewGameDelete.png	png runtime/source
newgamedeleteactive	png	Assets/Images/Legacy/Resources/NewGameDeleteActive.png	png runtime/source
newgamepanel	png	Assets/Images/Legacy/Resources/NewGamePanel.png	png runtime/source
newgameslotempty	png	Assets/Images/Legacy/Resources/NewGameSlotEmpty.png	png runtime/source
newgameslotfilled	png	Assets/Images/Legacy/Resources/NewGameSlotFilled.png	png runtime/source
newgameslothighlight	png	Assets/Images/Legacy/Resources/NewGameSlotHighlight.png	png runtime/source
ninja	psd	Assets/Images/Source/DragonArcadia/art/occupations/ninja.psd	psd master
occupations	psd	Assets/Images/Source/DragonArcadia/art/occupations/occupations.psd	psd master
paladin	psd	Assets/Images/Source/DragonArcadia/art/occupations/paladin.psd	psd master
pegasus	cdr	Assets/Images/Source/DragonArcadia/art/enemies/pegasus.cdr	cdr master
pipebang	wav	Assets/Sounds/Source/DragonArcadia/sounds/pipebang.wav	audio source
pop	wav	Assets/Sounds/Source/DragonArcadia/sounds/pop.wav	audio source
popcork	wav	Assets/Sounds/Source/DragonArcadia/sounds/popcork.wav	audio source
precision	psd	Assets/Images/Source/DragonArcadia/art/major_minors_and_hobbies/old/minors/precision.psd	psd master
priest	psd	Assets/Images/Source/DragonArcadia/art/occupations/priest.psd	psd master
protection	psd	Assets/Images/Source/DragonArcadia/art/major_minors_and_hobbies/majors/protection.psd	psd master
punch	wav	Assets/Sounds/Source/DragonArcadia/sounds/punch.wav	audio source
quickness	psd	Assets/Images/Source/DragonArcadia/art/major_minors_and_hobbies/minors/quickness.psd	psd master
rough	psd	Assets/Images/Source/DragonArcadia/art/hero_screen/rough.psd	psd master
sacredarts	psd	Assets/Images/Source/DragonArcadia/art/major_minors_and_hobbies/majors/sacredarts.psd	psd master
samurai	psd	Assets/Images/Source/DragonArcadia/art/occupations/samurai.psd	psd master
school_icons	cdr	Assets/Images/Source/DragonArcadia/art/schools/school_icons.cdr	cdr+psd both present; cdr preferred as vector master
schools	psd	Assets/Images/Source/DragonArcadia/art/schools/schools.psd	psd master
select	wav	Assets/Sounds/Legacy/Resources/Select.wav	audio source
sentinel	psd	Assets/Images/Source/DragonArcadia/art/occupations/sentinel.psd	psd master
shell	cdr	Assets/Images/Source/DragonArcadia/art/armors/shell.cdr	cdr+psd both present; cdr preferred as vector master
skeletons	cdr	Assets/Images/Source/DragonArcadia/art/enemies/skeletons.cdr	cdr master
soldier	psd	Assets/Images/Source/DragonArcadia/art/occupations/soldier.psd	psd master
sorcerer	psd	Assets/Images/Source/DragonArcadia/art/occupations/sorcerer.psd	psd master
sorcery	psd	Assets/Images/Source/DragonArcadia/art/major_minors_and_hobbies/majors/sorcery.psd	psd master
speed	psd	Assets/Images/Source/DragonArcadia/art/major_minors_and_hobbies/old/major/speed.psd	psd master
speed1	cpt	Assets/Images/Source/DragonArcadia/art/major_minors_and_hobbies/old/major/speed1.cpt	legacy raster source
speed2	cpt	Assets/Images/Source/DragonArcadia/art/major_minors_and_hobbies/old/major/speed2.cpt	legacy raster source
speedarts	psd	Assets/Images/Source/DragonArcadia/art/major_minors_and_hobbies/minors/speedarts.psd	psd master
speedmastery	psd	Assets/Images/Source/DragonArcadia/art/major_minors_and_hobbies/majors/speedmastery.psd	psd master
splashaccent	png	Assets/Images/Legacy/Resources/SplashAccent.png	png runtime/source
splashbackground	png	Assets/Images/Legacy/Resources/SplashBackground.png	png runtime/source
splashbanner	png	Assets/Images/Legacy/Resources/SplashBanner.png	png runtime/source
splashpanel	png	Assets/Images/Legacy/Resources/SplashPanel.png	png runtime/source
splashprogressback	png	Assets/Images/Legacy/Resources/SplashProgressBack.png	png runtime/source
splashprogressfill	png	Assets/Images/Legacy/Resources/SplashProgressFill.png	png runtime/source
statusbackground	png	Assets/Images/Legacy/Resources/StatusBackground.png	png runtime/source
statusbutton	png	Assets/Images/Legacy/Resources/StatusButton.png	png runtime/source
statusbuttonalt	png	Assets/Images/Legacy/Resources/StatusButtonAlt.png	png runtime/source
statuslist	png	Assets/Images/Legacy/Resources/StatusList.png	png runtime/source
statuspanel	png	Assets/Images/Legacy/Resources/StatusPanel.png	png runtime/source
statusselection	png	Assets/Images/Legacy/Resources/StatusSelection.png	png runtime/source
statusstats	png	Assets/Images/Legacy/Resources/StatusStats.png	png runtime/source
stealth	psd	Assets/Images/Source/DragonArcadia/art/major_minors_and_hobbies/minors/stealth.psd	psd master
street	psd	Assets/Images/Source/DragonArcadia/art/major_minors_and_hobbies/old/minors/street.psd	psd master
strength	psd	Assets/Images/Source/DragonArcadia/art/major_minors_and_hobbies/old/major/strength.psd	psd master
strengtharts	psd	Assets/Images/Source/DragonArcadia/art/major_minors_and_hobbies/minors/strengtharts.psd	psd master
strengthmastery	psd	Assets/Images/Source/DragonArcadia/art/major_minors_and_hobbies/majors/strengthmastery.psd	psd master
striker	psd	Assets/Images/Source/DragonArcadia/art/occupations/striker.psd	psd master
swiftness	psd	Assets/Images/Source/DragonArcadia/art/major_minors_and_hobbies/majors/swiftness.psd	psd master
sword	psd	Assets/Images/Source/DragonArcadia/art/major_minors_and_hobbies/minors/sword.psd	psd master
template	psd	Assets/Images/Source/DragonArcadia/art/occupations/template.psd	psd master
test_alpha	psd	Assets/Images/Source/DragonArcadia/art/armors/test_alpha.psd	psd master
theme	mid	Assets/Music/Legacy/PowerPlug/theme.mid	midi source
thief	psd	Assets/Images/Source/DragonArcadia/art/occupations/thief.psd	psd master
trashcan	cdr	Assets/Images/Source/DragonArcadia/art/hero_screen/trashcan.cdr	cdr master
trashcanlid	psd	Assets/Images/Source/DragonArcadia/art/hero_screen/trashcanlid.psd	psd master
treasure	wav	Assets/Sounds/Legacy/Resources/Treasure.wav	audio source
untitled_2	psd	Assets/Images/Source/DragonArcadia/art/map_pictures/da/untitled_2.psd	psd master
untitled_3	psd	Assets/Images/Source/DragonArcadia/art/map_pictures/da/untitled_3.psd	psd master
untitled_5	psd	Assets/Images/Source/DragonArcadia/art/map_pictures/da/untitled_5.psd	psd master
untitled_6	psd	Assets/Images/Source/DragonArcadia/art/map_pictures/da/untitled_6.psd	psd master
untitled_8	psd	Assets/Images/Source/DragonArcadia/art/map_pictures/da/untitled_8.psd	psd master
warfare	psd	Assets/Images/Source/DragonArcadia/art/major_minors_and_hobbies/minors/warfare.psd	psd master
warrior	psd	Assets/Images/Source/DragonArcadia/art/occupations/warrior.psd	psd master
water	psd	Assets/Images/Source/DragonArcadia/art/elements/water.psd	psd master
water_element	cdr	Assets/Images/Source/DragonArcadia/art/elements/water_element.cdr	cdr+psd both present; cdr preferred as vector master
waterballoon	wav	Assets/Sounds/Source/DragonArcadia/sounds/waterballoon.wav	audio source
waterdrop	wav	Assets/Sounds/Source/DragonArcadia/sounds/waterdrop.wav	audio source
weapon	psd	Assets/Images/Source/DragonArcadia/art/major_minors_and_hobbies/minors/weapon.psd	psd master
weapon_background	psd	Assets/Images/Source/DragonArcadia/art/schools/weapon_background.psd	psd master
weapons	cdr	Assets/Images/Source/DragonArcadia/art/weapons/weapons.cdr	cdr+psd both present; cdr preferred as vector master
white	psd	Assets/Images/Source/DragonArcadia/art/major_minors_and_hobbies/old/minors/white.psd	psd master
whitemagic	psd	Assets/Images/Source/DragonArcadia/art/major_minors_and_hobbies/minors/whitemagic.psd	psd master
willpower	psd	Assets/Images/Source/DragonArcadia/art/major_minors_and_hobbies/old/hobbies/willpower.psd	psd master
wizard	psd	Assets/Images/Source/DragonArcadia/art/occupations/wizard.psd	psd master
worldmaparealocked	png	Assets/Images/Legacy/Resources/WorldMapAreaLocked.png	png runtime/source
worldmapareaopen	png	Assets/Images/Legacy/Resources/WorldMapAreaOpen.png	png runtime/source
worldmapareaselected	png	Assets/Images/Legacy/Resources/WorldMapAreaSelected.png	png runtime/source
worldmapbackground	png	Assets/Images/Legacy/Resources/WorldMapBackground.png	png runtime/source
worldmapbattlebutton	png	Assets/Images/Legacy/Resources/WorldMapBattleButton.png	png runtime/source
worldmapgridaccent	png	Assets/Images/Legacy/Resources/WorldMapGridAccent.png	png runtime/source
worldmapgridblocked	png	Assets/Images/Legacy/Resources/WorldMapGridBlocked.png	png runtime/source
worldmapgridopen	png	Assets/Images/Legacy/Resources/WorldMapGridOpen.png	png runtime/source
worldmapgridplayer	png	Assets/Images/Legacy/Resources/WorldMapGridPlayer.png	png runtime/source
worldmapmenubutton	png	Assets/Images/Legacy/Resources/WorldMapMenuButton.png	png runtime/source
worldmappanel	png	Assets/Images/Legacy/Resources/WorldMapPanel.png	png runtime/source
worldmapsavebutton	png	Assets/Images/Legacy/Resources/WorldMapSaveButton.png	png runtime/source
worldmapstatusbutton	png	Assets/Images/Legacy/Resources/WorldMapStatusButton.png	png runtime/source
worldmaptutoriallegacy	png	Assets/Images/Legacy/Resources/WorldMapTutorialLegacy.png	png runtime/source
