type	id	category	runtime_path	source_path	status
image	AreaCavesBattle	Areas	Resources/Images/AreaCavesBattle.png	Assets/Images/Legacy/ConvertedMapPack/AreaCavesBattle.png	legacy_converted_map_pack
image	AreaCavesMap	Areas	Resources/Images/AreaCavesMap.png	Assets/Images/Legacy/ConvertedMapPack/AreaCavesMap.png	legacy_converted_map_pack
image	AreaCavesMask	Areas	Resources/Images/AreaCavesMask.png	Assets/Images/Legacy/ConvertedMapPack/AreaCavesMask.png	legacy_converted_map_pack
image	AreaCavesOverlay	Areas	Resources/Images/AreaCavesOverlay.png	Assets/Images/Legacy/ConvertedMapPack/AreaCavesOverlay.png	legacy_converted_map_pack
image	AreaEleusisBattle	Areas	Resources/Images/AreaEleusisBattle.png	Assets/Images/Legacy/ConvertedMapPack/AreaEleusisBattle.png	legacy_converted_map_pack
image	AreaEleusisMap	Areas	Resources/Images/AreaEleusisMap.png	Assets/Images/Legacy/ConvertedMapPack/AreaEleusisMap.png	legacy_converted_map_pack
image	AreaEleusisMask	Areas	Resources/Images/AreaEleusisMask.png	Assets/Images/Legacy/ConvertedMapPack/AreaEleusisMask.png	legacy_converted_map_pack
image	AreaEleusisOverlay	Areas	Resources/Images/AreaEleusisOverlay.png	Assets/Images/Legacy/ConvertedMapPack/AreaEleusisOverlay.png	legacy_converted_map_pack
image	AreaEleusisStrongholdBattle	Areas	Resources/Images/AreaEleusisStrongholdBattle.png	Assets/Images/Legacy/ConvertedMapPack/AreaEleusisStrongholdBattle.png	legacy_converted_map_pack
image	AreaEleusisStrongholdMap	Areas	Resources/Images/AreaEleusisStrongholdMap.png	Assets/Images/Legacy/ConvertedMapPack/AreaEleusisStrongholdMap.png	legacy_converted_map_pack
image	AreaEleusisStrongholdMask	Areas	Resources/Images/AreaEleusisStrongholdMask.png	Assets/Images/Legacy/ConvertedMapPack/AreaEleusisStrongholdMask.png	legacy_converted_map_pack
image	AreaEleusisStrongholdOverlay	Areas	Resources/Images/AreaEleusisStrongholdOverlay.png	Assets/Images/Legacy/ConvertedMapPack/AreaEleusisStrongholdOverlay.png	legacy_converted_map_pack
image	AreaForestsBattle	Areas	Resources/Images/AreaForestsBattle.png	Assets/Images/Legacy/ConvertedMapPack/AreaForestsBattle.png	legacy_converted_map_pack
image	AreaForestsMap	Areas	Resources/Images/AreaForestsMap.png	Assets/Images/Legacy/ConvertedMapPack/AreaForestsMap.png	legacy_converted_map_pack
image	AreaForestsMask	Areas	Resources/Images/AreaForestsMask.png	Assets/Images/Legacy/ConvertedMapPack/AreaForestsMask.png	legacy_converted_map_pack
image	AreaForestsOverlay	Areas	Resources/Images/AreaForestsOverlay.png	Assets/Images/Legacy/ConvertedMapPack/AreaForestsOverlay.png	legacy_converted_map_pack
image	AreaMeadowsBattle	Areas	Resources/Images/AreaMeadowsBattle.png	Assets/Images/Legacy/ConvertedMapPack/AreaMeadowsBattle.png	legacy_converted_map_pack
image	AreaMeadowsMap	Areas	Resources/Images/AreaMeadowsMap.png	Assets/Images/Legacy/ConvertedMapPack/AreaMeadowsMap.png	legacy_converted_map_pack
image	AreaMeadowsMask	Areas	Resources/Images/AreaMeadowsMask.png	Assets/Images/Legacy/ConvertedMapPack/AreaMeadowsMask.png	legacy_converted_map_pack
image	AreaMeadowsOverlay	Areas	Resources/Images/AreaMeadowsOverlay.png	Assets/Images/Legacy/ConvertedMapPack/AreaMeadowsOverlay.png	legacy_converted_map_pack
image	AreaMountainsBattle	Areas	Resources/Images/AreaMountainsBattle.png	Assets/Images/Legacy/ConvertedMapPack/AreaMountainsBattle.png	legacy_converted_map_pack
image	AreaMountainsMap	Areas	Resources/Images/AreaMountainsMap.png	Assets/Images/Legacy/ConvertedMapPack/AreaMountainsMap.png	legacy_converted_map_pack
image	AreaMountainsMask	Areas	Resources/Images/AreaMountainsMask.png	Assets/Images/Legacy/ConvertedMapPack/AreaMountainsMask.png	legacy_converted_map_pack
image	AreaMountainsOverlay	Areas	Resources/Images/AreaMountainsOverlay.png	Assets/Images/Legacy/ConvertedMapPack/AreaMountainsOverlay.png	legacy_converted_map_pack
image	AreaPeakBattle	Areas	Resources/Images/AreaPeakBattle.png	Assets/Images/Legacy/ConvertedMapPack/AreaPeakBattle.png	legacy_converted_map_pack
image	AreaPeakMap	Areas	Resources/Images/AreaPeakMap.png	Assets/Images/Legacy/ConvertedMapPack/AreaPeakMap.png	legacy_converted_map_pack
image	AreaPeakMask	Areas	Resources/Images/AreaPeakMask.png	Assets/Images/Legacy/ConvertedMapPack/AreaPeakMask.png	legacy_converted_map_pack
image	AreaPeakOverlay	Areas	Resources/Images/AreaPeakOverlay.png	Assets/Images/Legacy/ConvertedMapPack/AreaPeakOverlay.png	legacy_converted_map_pack
image	AvatarRanger	Avatars	Resources/Images/AvatarRanger.png	Assets/Images/Legacy/Resources/AvatarRanger.png	legacy_runtime_export
image	AvatarSorcerer	Avatars	Resources/Images/AvatarSorcerer.png	Assets/Images/Legacy/Resources/AvatarSorcerer.png	legacy_runtime_export
image	AvatarWarrior	Avatars	Resources/Images/AvatarWarrior.png	Assets/Images/Legacy/Resources/AvatarWarrior.png	legacy_runtime_export
image	BattleAction	Battle	Resources/Images/BattleAction.png	Assets/Images/Legacy/Resources/BattleAction.png	legacy_runtime_export
image	BattleActionAlt	Battle	Resources/Images/BattleActionAlt.png	Assets/Images/Legacy/Resources/BattleActionAlt.png	legacy_runtime_export
image	BattleArena	Battle	Resources/Images/BattleArena.png	Assets/Images/Legacy/Resources/BattleArena.png	legacy_runtime_export
image	BattleBackground	Battle	Resources/Images/BattleBackground.png	Assets/Images/Legacy/ConvertedMapPack/AreaEleusisStrongholdBattle.png	legacy_converted_map_pack
image	BattleEnemyCaves	Battle	Resources/Images/BattleEnemyCaves.png	Assets/Images/Legacy/Resources/BattleEnemyCaves.png	legacy_runtime_export
image	BattleEnemyCavesA	Battle	Resources/Images/BattleEnemyCavesA.png	Assets/Images/Legacy/Resources/BattleEnemyCavesA.png	legacy_runtime_export
image	BattleEnemyCavesB	Battle	Resources/Images/BattleEnemyCavesB.png	Assets/Images/Legacy/Resources/BattleEnemyCavesB.png	legacy_runtime_export
image	BattleEnemyCavesC	Battle	Resources/Images/BattleEnemyCavesC.png	Assets/Images/Legacy/Resources/BattleEnemyCavesC.png	legacy_runtime_export
image	BattleEnemyCavesD	Battle	Resources/Images/BattleEnemyCavesD.png	Assets/Images/Legacy/Resources/BattleEnemyCavesD.png	legacy_runtime_export
image	BattleEnemyEleusis	Battle	Resources/Images/BattleEnemyEleusis.png	Assets/Images/Legacy/Resources/BattleEnemyEleusis.png	legacy_runtime_export
image	BattleEnemyEleusisA	Battle	Resources/Images/BattleEnemyEleusisA.png	Assets/Images/Legacy/Resources/BattleEnemyEleusisA.png	legacy_runtime_export
image	BattleEnemyEleusisB	Battle	Resources/Images/BattleEnemyEleusisB.png	Assets/Images/Legacy/Resources/BattleEnemyEleusisB.png	legacy_runtime_export
image	BattleEnemyEleusisC	Battle	Resources/Images/BattleEnemyEleusisC.png	Assets/Images/Legacy/Resources/BattleEnemyEleusisC.png	legacy_runtime_export
image	BattleEnemyEleusisD	Battle	Resources/Images/BattleEnemyEleusisD.png	Assets/Images/Legacy/Resources/BattleEnemyEleusisD.png	legacy_runtime_export
image	BattleEnemyForests	Battle	Resources/Images/BattleEnemyForests.png	Assets/Images/Legacy/Resources/BattleEnemyForests.png	legacy_runtime_export
image	BattleEnemyForestsA	Battle	Resources/Images/BattleEnemyForestsA.png	Assets/Images/Legacy/Resources/BattleEnemyForestsA.png	legacy_runtime_export
image	BattleEnemyForestsB	Battle	Resources/Images/BattleEnemyForestsB.png	Assets/Images/Legacy/Resources/BattleEnemyForestsB.png	legacy_runtime_export
image	BattleEnemyForestsC	Battle	Resources/Images/BattleEnemyForestsC.png	Assets/Images/Legacy/Resources/BattleEnemyForestsC.png	legacy_runtime_export
image	BattleEnemyForestsD	Battle	Resources/Images/BattleEnemyForestsD.png	Assets/Images/Legacy/Resources/BattleEnemyForestsD.png	legacy_runtime_export
image	BattleEnemyLegacyP1000S1000	Battle	Resources/Images/BattleEnemyLegacyP1000S1000.png	Assets/Images/Legacy/BattleSprites/BattleEnemyLegacyP1000S1000.png	legacy_battle_sprite
image	BattleEnemyLegacyP1000S1001	Battle	Resources/Images/BattleEnemyLegacyP1000S1001.png	Assets/Images/Legacy/BattleSprites/BattleEnemyLegacyP1000S1001.png	legacy_battle_sprite
image	BattleEnemyLegacyP1000S1002	Battle	Resources/Images/BattleEnemyLegacyP1000S1002.png	Assets/Images/Legacy/BattleSprites/BattleEnemyLegacyP1000S1002.png	legacy_battle_sprite
image	BattleEnemyLegacyP1000S1003	Battle	Resources/Images/BattleEnemyLegacyP1000S1003.png	Assets/Images/Legacy/BattleSprites/BattleEnemyLegacyP1000S1003.png	legacy_battle_sprite
image	BattleEnemyLegacyP1000S1004	Battle	Resources/Images/BattleEnemyLegacyP1000S1004.png	Assets/Images/Legacy/BattleSprites/BattleEnemyLegacyP1000S1004.png	legacy_battle_sprite
image	BattleEnemyLegacyP1000S1005	Battle	Resources/Images/BattleEnemyLegacyP1000S1005.png	Assets/Images/Legacy/BattleSprites/BattleEnemyLegacyP1000S1005.png	legacy_battle_sprite
image	BattleEnemyLegacyP1000S1006	Battle	Resources/Images/BattleEnemyLegacyP1000S1006.png	Assets/Images/Legacy/BattleSprites/BattleEnemyLegacyP1000S1006.png	legacy_battle_sprite
image	BattleEnemyLegacyP1000S1007	Battle	Resources/Images/BattleEnemyLegacyP1000S1007.png	Assets/Images/Legacy/BattleSprites/BattleEnemyLegacyP1000S1007.png	legacy_battle_sprite
image	BattleEnemyLegacyP1000S1008	Battle	Resources/Images/BattleEnemyLegacyP1000S1008.png	Assets/Images/Legacy/BattleSprites/BattleEnemyLegacyP1000S1008.png	legacy_battle_sprite
image	BattleEnemyLegacyP1000S1009	Battle	Resources/Images/BattleEnemyLegacyP1000S1009.png	Assets/Images/Legacy/BattleSprites/BattleEnemyLegacyP1000S1009.png	legacy_battle_sprite
image	BattleEnemyLegacyP1000S1010	Battle	Resources/Images/BattleEnemyLegacyP1000S1010.png	Assets/Images/Legacy/BattleSprites/BattleEnemyLegacyP1000S1010.png	legacy_battle_sprite
image	BattleEnemyLegacyP1000S1011	Battle	Resources/Images/BattleEnemyLegacyP1000S1011.png	Assets/Images/Legacy/BattleSprites/BattleEnemyLegacyP1000S1011.png	legacy_battle_sprite
image	BattleEnemyLegacyP1000S1018	Battle	Resources/Images/BattleEnemyLegacyP1000S1018.png	Assets/Images/Legacy/BattleSprites/BattleEnemyLegacyP1000S1018.png	legacy_battle_sprite
image	BattleEnemyLegacyP1000S1019	Battle	Resources/Images/BattleEnemyLegacyP1000S1019.png	Assets/Images/Legacy/BattleSprites/BattleEnemyLegacyP1000S1019.png	legacy_battle_sprite
image	BattleEnemyLegacyP1000S1020	Battle	Resources/Images/BattleEnemyLegacyP1000S1020.png	Assets/Images/Legacy/BattleSprites/BattleEnemyLegacyP1000S1020.png	legacy_battle_sprite
image	BattleEnemyLegacyP1000S1021	Battle	Resources/Images/BattleEnemyLegacyP1000S1021.png	Assets/Images/Legacy/BattleSprites/BattleEnemyLegacyP1000S1021.png	legacy_battle_sprite
image	BattleEnemyLegacyP1000S1022	Battle	Resources/Images/BattleEnemyLegacyP1000S1022.png	Assets/Images/Legacy/BattleSprites/BattleEnemyLegacyP1000S1022.png	legacy_battle_sprite
image	BattleEnemyLegacyP1000S1023	Battle	Resources/Images/BattleEnemyLegacyP1000S1023.png	Assets/Images/Legacy/BattleSprites/BattleEnemyLegacyP1000S1023.png	legacy_battle_sprite
image	BattleEnemyLegacyP1000S1024	Battle	Resources/Images/BattleEnemyLegacyP1000S1024.png	Assets/Images/Legacy/BattleSprites/BattleEnemyLegacyP1000S1024.png	legacy_battle_sprite
image	BattleEnemyLegacyP1000S1025	Battle	Resources/Images/BattleEnemyLegacyP1000S1025.png	Assets/Images/Legacy/BattleSprites/BattleEnemyLegacyP1000S1025.png	legacy_battle_sprite
image	BattleEnemyLegacyP1000S1026	Battle	Resources/Images/BattleEnemyLegacyP1000S1026.png	Assets/Images/Legacy/BattleSprites/BattleEnemyLegacyP1000S1026.png	legacy_battle_sprite
image	BattleEnemyLegacyP1000S1027	Battle	Resources/Images/BattleEnemyLegacyP1000S1027.png	Assets/Images/Legacy/BattleSprites/BattleEnemyLegacyP1000S1027.png	legacy_battle_sprite
image	BattleEnemyLegacyP1S9000	Battle	Resources/Images/BattleEnemyLegacyP1S9000.png	Assets/Images/Legacy/BattleSprites/BattleEnemyLegacyP1S9000.png	legacy_battle_sprite
image	BattleEnemyLegacyP2S1000	Battle	Resources/Images/BattleEnemyLegacyP2S1000.png	Assets/Images/Legacy/BattleSprites/BattleEnemyLegacyP2S1000.png	legacy_battle_sprite
image	BattleEnemyLegacyP2S1001	Battle	Resources/Images/BattleEnemyLegacyP2S1001.png	Assets/Images/Legacy/BattleSprites/BattleEnemyLegacyP2S1001.png	legacy_battle_sprite
image	BattleEnemyLegacyP2S1002	Battle	Resources/Images/BattleEnemyLegacyP2S1002.png	Assets/Images/Legacy/BattleSprites/BattleEnemyLegacyP2S1002.png	legacy_battle_sprite
image	BattleEnemyLegacyP2S1003	Battle	Resources/Images/BattleEnemyLegacyP2S1003.png	Assets/Images/Legacy/BattleSprites/BattleEnemyLegacyP2S1003.png	legacy_battle_sprite
image	BattleEnemyLegacyP2S1004	Battle	Resources/Images/BattleEnemyLegacyP2S1004.png	Assets/Images/Legacy/BattleSprites/BattleEnemyLegacyP2S1004.png	legacy_battle_sprite
image	BattleEnemyLegacyP2S1005	Battle	Resources/Images/BattleEnemyLegacyP2S1005.png	Assets/Images/Legacy/BattleSprites/BattleEnemyLegacyP2S1005.png	legacy_battle_sprite
image	BattleEnemyLegacyP2S1006	Battle	Resources/Images/BattleEnemyLegacyP2S1006.png	Assets/Images/Legacy/BattleSprites/BattleEnemyLegacyP2S1006.png	legacy_battle_sprite
image	BattleEnemyLegacyP2S1007	Battle	Resources/Images/BattleEnemyLegacyP2S1007.png	Assets/Images/Legacy/BattleSprites/BattleEnemyLegacyP2S1007.png	legacy_battle_sprite
image	BattleEnemyLegacyP2S1008	Battle	Resources/Images/BattleEnemyLegacyP2S1008.png	Assets/Images/Legacy/BattleSprites/BattleEnemyLegacyP2S1008.png	legacy_battle_sprite
image	BattleEnemyLegacyP2S1009	Battle	Resources/Images/BattleEnemyLegacyP2S1009.png	Assets/Images/Legacy/BattleSprites/BattleEnemyLegacyP2S1009.png	legacy_battle_sprite
image	BattleEnemyLegacyP2S1010	Battle	Resources/Images/BattleEnemyLegacyP2S1010.png	Assets/Images/Legacy/BattleSprites/BattleEnemyLegacyP2S1010.png	legacy_battle_sprite
image	BattleEnemyLegacyP2S1011	Battle	Resources/Images/BattleEnemyLegacyP2S1011.png	Assets/Images/Legacy/BattleSprites/BattleEnemyLegacyP2S1011.png	legacy_battle_sprite
image	BattleEnemyLegacyP3S1000	Battle	Resources/Images/BattleEnemyLegacyP3S1000.png	Assets/Images/Legacy/BattleSprites/BattleEnemyLegacyP3S1000.png	legacy_battle_sprite
image	BattleEnemyLegacyP3S1001	Battle	Resources/Images/BattleEnemyLegacyP3S1001.png	Assets/Images/Legacy/BattleSprites/BattleEnemyLegacyP3S1001.png	legacy_battle_sprite
image	BattleEnemyLegacyP3S1002	Battle	Resources/Images/BattleEnemyLegacyP3S1002.png	Assets/Images/Legacy/BattleSprites/BattleEnemyLegacyP3S1002.png	legacy_battle_sprite
image	BattleEnemyLegacyP3S1003	Battle	Resources/Images/BattleEnemyLegacyP3S1003.png	Assets/Images/Legacy/BattleSprites/BattleEnemyLegacyP3S1003.png	legacy_battle_sprite
image	BattleEnemyLegacyP3S1004	Battle	Resources/Images/BattleEnemyLegacyP3S1004.png	Assets/Images/Legacy/BattleSprites/BattleEnemyLegacyP3S1004.png	legacy_battle_sprite
image	BattleEnemyLegacyP3S1005	Battle	Resources/Images/BattleEnemyLegacyP3S1005.png	Assets/Images/Legacy/BattleSprites/BattleEnemyLegacyP3S1005.png	legacy_battle_sprite
image	BattleEnemyLegacyP3S1006	Battle	Resources/Images/BattleEnemyLegacyP3S1006.png	Assets/Images/Legacy/BattleSprites/BattleEnemyLegacyP3S1006.png	legacy_battle_sprite
image	BattleEnemyLegacyP3S1007	Battle	Resources/Images/BattleEnemyLegacyP3S1007.png	Assets/Images/Legacy/BattleSprites/BattleEnemyLegacyP3S1007.png	legacy_battle_sprite
image	BattleEnemyLegacyP3S1008	Battle	Resources/Images/BattleEnemyLegacyP3S1008.png	Assets/Images/Legacy/BattleSprites/BattleEnemyLegacyP3S1008.png	legacy_battle_sprite
image	BattleEnemyLegacyP3S1009	Battle	Resources/Images/BattleEnemyLegacyP3S1009.png	Assets/Images/Legacy/BattleSprites/BattleEnemyLegacyP3S1009.png	legacy_battle_sprite
image	BattleEnemyLegacyP3S1010	Battle	Resources/Images/BattleEnemyLegacyP3S1010.png	Assets/Images/Legacy/BattleSprites/BattleEnemyLegacyP3S1010.png	legacy_battle_sprite
image	BattleEnemyLegacyP4S1000	Battle	Resources/Images/BattleEnemyLegacyP4S1000.png	Assets/Images/Legacy/BattleSprites/BattleEnemyLegacyP4S1000.png	legacy_battle_sprite
image	BattleEnemyLegacyP4S1001	Battle	Resources/Images/BattleEnemyLegacyP4S1001.png	Assets/Images/Legacy/BattleSprites/BattleEnemyLegacyP4S1001.png	legacy_battle_sprite
image	BattleEnemyLegacyP4S1002	Battle	Resources/Images/BattleEnemyLegacyP4S1002.png	Assets/Images/Legacy/BattleSprites/BattleEnemyLegacyP4S1002.png	legacy_battle_sprite
image	BattleEnemyLegacyP4S1003	Battle	Resources/Images/BattleEnemyLegacyP4S1003.png	Assets/Images/Legacy/BattleSprites/BattleEnemyLegacyP4S1003.png	legacy_battle_sprite
image	BattleEnemyLegacyP4S1004	Battle	Resources/Images/BattleEnemyLegacyP4S1004.png	Assets/Images/Legacy/BattleSprites/BattleEnemyLegacyP4S1004.png	legacy_battle_sprite
image	BattleEnemyLegacyP4S1005	Battle	Resources/Images/BattleEnemyLegacyP4S1005.png	Assets/Images/Legacy/BattleSprites/BattleEnemyLegacyP4S1005.png	legacy_battle_sprite
image	BattleEnemyLegacyP4S1006	Battle	Resources/Images/BattleEnemyLegacyP4S1006.png	Assets/Images/Legacy/BattleSprites/BattleEnemyLegacyP4S1006.png	legacy_battle_sprite
image	BattleEnemyLegacyP4S1007	Battle	Resources/Images/BattleEnemyLegacyP4S1007.png	Assets/Images/Legacy/BattleSprites/BattleEnemyLegacyP4S1007.png	legacy_battle_sprite
image	BattleEnemyLegacyP4S1008	Battle	Resources/Images/BattleEnemyLegacyP4S1008.png	Assets/Images/Legacy/BattleSprites/BattleEnemyLegacyP4S1008.png	legacy_battle_sprite
image	BattleEnemyLegacyP4S1009	Battle	Resources/Images/BattleEnemyLegacyP4S1009.png	Assets/Images/Legacy/BattleSprites/BattleEnemyLegacyP4S1009.png	legacy_battle_sprite
image	BattleEnemyLegacyP4S1010	Battle	Resources/Images/BattleEnemyLegacyP4S1010.png	Assets/Images/Legacy/BattleSprites/BattleEnemyLegacyP4S1010.png	legacy_battle_sprite
image	BattleEnemyLegacyP4S1011	Battle	Resources/Images/BattleEnemyLegacyP4S1011.png	Assets/Images/Legacy/BattleSprites/BattleEnemyLegacyP4S1011.png	legacy_battle_sprite
image	BattleEnemyMeadows	Battle	Resources/Images/BattleEnemyMeadows.png	Assets/Images/Legacy/Resources/BattleEnemyMeadows.png	legacy_runtime_export
image	BattleEnemyMeadowsA	Battle	Resources/Images/BattleEnemyMeadowsA.png	Assets/Images/Legacy/Resources/BattleEnemyMeadowsA.png	legacy_runtime_export
image	BattleEnemyMeadowsB	Battle	Resources/Images/BattleEnemyMeadowsB.png	Assets/Images/Legacy/Resources/BattleEnemyMeadowsB.png	legacy_runtime_export
image	BattleEnemyMeadowsC	Battle	Resources/Images/BattleEnemyMeadowsC.png	Assets/Images/Legacy/Resources/BattleEnemyMeadowsC.png	legacy_runtime_export
image	BattleEnemyMeadowsD	Battle	Resources/Images/BattleEnemyMeadowsD.png	Assets/Images/Legacy/Resources/BattleEnemyMeadowsD.png	legacy_runtime_export
image	BattleEnemyMountains	Battle	Resources/Images/BattleEnemyMountains.png	Assets/Images/Legacy/Resources/BattleEnemyMountains.png	legacy_runtime_export
image	BattleEnemyMountainsA	Battle	Resources/Images/BattleEnemyMountainsA.png	Assets/Images/Legacy/Resources/BattleEnemyMountainsA.png	legacy_runtime_export
image	BattleEnemyMountainsB	Battle	Resources/Images/BattleEnemyMountainsB.png	Assets/Images/Legacy/Resources/BattleEnemyMountainsB.png	legacy_runtime_export
image	BattleEnemyMountainsC	Battle	Resources/Images/BattleEnemyMountainsC.png	Assets/Images/Legacy/Resources/BattleEnemyMountainsC.png	legacy_runtime_export
image	BattleEnemyMountainsD	Battle	Resources/Images/BattleEnemyMountainsD.png	Assets/Images/Legacy/Resources/BattleEnemyMountainsD.png	legacy_runtime_export
image	BattleEnemyPeak	Battle	Resources/Images/BattleEnemyPeak.png	Assets/Images/Legacy/Resources/BattleEnemyPeak.png	legacy_runtime_export
image	BattleEnemyPeakA	Battle	Resources/Images/BattleEnemyPeakA.png	Assets/Images/Legacy/Resources/BattleEnemyPeakA.png	legacy_runtime_export
image	BattleEnemyPeakB	Battle	Resources/Images/BattleEnemyPeakB.png	Assets/Images/Legacy/Resources/BattleEnemyPeakB.png	legacy_runtime_export
image	BattleEnemyPeakC	Battle	Resources/Images/BattleEnemyPeakC.png	Assets/Images/Legacy/Resources/BattleEnemyPeakC.png	legacy_runtime_export
image	BattleEnemyPeakD	Battle	Resources/Images/BattleEnemyPeakD.png	Assets/Images/Legacy/Resources/BattleEnemyPeakD.png	legacy_runtime_export
image	BattleFxAirCast	Battle	Resources/Images/BattleFxAirCast.png	Assets/Images/Legacy/Resources/BattleFxAirCast.png	legacy_runtime_export
image	BattleFxAirHit	Battle	Resources/Images/BattleFxAirHit.png	Assets/Images/Legacy/Resources/BattleFxAirHit.png	legacy_runtime_export
image	BattleFxAttackHit	Battle	Resources/Images/BattleFxAttackHit.png	Assets/Images/Legacy/Resources/BattleFxAttackHit.png	legacy_runtime_export
image	BattleFxDarkCast	Battle	Resources/Images/BattleFxDarkCast.png	Assets/Images/Legacy/Resources/BattleFxDarkCast.png	legacy_runtime_export
image	BattleFxDarkHit	Battle	Resources/Images/BattleFxDarkHit.png	Assets/Images/Legacy/Resources/BattleFxDarkHit.png	legacy_runtime_export
image	BattleFxEarthCast	Battle	Resources/Images/BattleFxEarthCast.png	Assets/Images/Legacy/Resources/BattleFxEarthCast.png	legacy_runtime_export
image	BattleFxEarthHit	Battle	Resources/Images/BattleFxEarthHit.png	Assets/Images/Legacy/Resources/BattleFxEarthHit.png	legacy_runtime_export
image	BattleFxFireCast	Battle	Resources/Images/BattleFxFireCast.png	Assets/Images/Legacy/Resources/BattleFxFireCast.png	legacy_runtime_export
image	BattleFxFireHit	Battle	Resources/Images/BattleFxFireHit.png	Assets/Images/Legacy/Resources/BattleFxFireHit.png	legacy_runtime_export
image	BattleFxHealHit	Battle	Resources/Images/BattleFxHealHit.png	Assets/Images/Legacy/Resources/BattleFxHealHit.png	legacy_runtime_export
image	BattleFxLightCast	Battle	Resources/Images/BattleFxLightCast.png	Assets/Images/Legacy/Resources/BattleFxLightCast.png	legacy_runtime_export
image	BattleFxLightHit	Battle	Resources/Images/BattleFxLightHit.png	Assets/Images/Legacy/Resources/BattleFxLightHit.png	legacy_runtime_export
image	BattleFxNoneCast	Battle	Resources/Images/BattleFxNoneCast.png	Assets/Images/Legacy/Resources/BattleFxNoneCast.png	legacy_runtime_export
image	BattleFxWaterCast	Battle	Resources/Images/BattleFxWaterCast.png	Assets/Images/Legacy/Resources/BattleFxWaterCast.png	legacy_runtime_export
image	BattleFxWaterHit	Battle	Resources/Images/BattleFxWaterHit.png	Assets/Images/Legacy/Resources/BattleFxWaterHit.png	legacy_runtime_export
image	BattleGameOver	Battle	Resources/Images/BattleGameOver.png	Assets/Images/Legacy/Resources/BattleGameOver.png	legacy_runtime_export
image	BattleHealthBack	Battle	Resources/Images/BattleHealthBack.png	Assets/Images/Legacy/Resources/BattleHealthBack.png	legacy_runtime_export
image	BattleHealthFill	Battle	Resources/Images/BattleHealthFill.png	Assets/Images/Legacy/Resources/BattleHealthFill.png	legacy_runtime_export
image	BattleOverlay	Battle	Resources/Images/BattleOverlay.png	Assets/Images/Legacy/Resources/BattleOverlay.png	legacy_runtime_export
image	BattlePlayerRanger	Battle	Resources/Images/BattlePlayerRanger.png	Assets/Images/Legacy/Resources/BattlePlayerRanger.png	legacy_runtime_export
image	BattlePlayerSorcerer	Battle	Resources/Images/BattlePlayerSorcerer.png	Assets/Images/Legacy/Resources/BattlePlayerSorcerer.png	legacy_runtime_export
image	BattlePlayerWarrior	Battle	Resources/Images/BattlePlayerWarrior.png	Assets/Images/Legacy/Resources/BattlePlayerWarrior.png	legacy_runtime_export
image	BattleSelectGreen	Battle	Resources/Images/BattleSelectGreen.png	Assets/Legacy/Art/PowerPlug/Images/BattleMode/greenSelect.png	legacy_power_plug_image
image	BattleSelectRed	Battle	Resources/Images/BattleSelectRed.png	Assets/Legacy/Art/PowerPlug/Images/BattleMode/redSelect.png	legacy_power_plug_image
image	BattleSelectYellow	Battle	Resources/Images/BattleSelectYellow.png	Assets/Legacy/Art/PowerPlug/Images/BattleMode/yellowSelect.png	legacy_power_plug_image
image	BattleSpellName	Battle	Resources/Images/BattleSpellName.png	Assets/Legacy/Art/PowerPlug/Images/BattleMode/spellName.png	legacy_power_plug_image
image	ItemAdeptWand	Items	Resources/Images/ItemAdeptWand.png	Assets/Images/Legacy/Resources/ItemAdeptWand.png	legacy_runtime_export
image	ItemDragonTalisman	Items	Resources/Images/ItemDragonTalisman.png	Assets/Images/Legacy/Resources/ItemDragonTalisman.png	legacy_runtime_export
image	ItemFireScroll	Items	Resources/Images/ItemFireScroll.png	Assets/Images/Legacy/Resources/ItemFireScroll.png	legacy_runtime_export
image	ItemGuardianRing	Items	Resources/Images/ItemGuardianRing.png	Assets/Images/Legacy/Resources/ItemGuardianRing.png	legacy_runtime_export
image	ItemHealthPotion	Items	Resources/Images/ItemHealthPotion.png	Assets/Images/Legacy/Resources/ItemHealthPotion.png	legacy_runtime_export
image	ItemHunterBow	Items	Resources/Images/ItemHunterBow.png	Assets/Images/Legacy/Resources/ItemHunterBow.png	legacy_runtime_export
image	ItemIronBlade	Items	Resources/Images/ItemIronBlade.png	Assets/Images/Legacy/Resources/ItemIronBlade.png	legacy_runtime_export
image	ItemLeatherArmor	Items	Resources/Images/ItemLeatherArmor.png	Assets/Images/Legacy/Resources/ItemLeatherArmor.png	legacy_runtime_export
image	ItemMysticTome	Items	Resources/Images/ItemMysticTome.png	Assets/Images/Legacy/Resources/ItemMysticTome.png	legacy_runtime_export
image	ItemScoutCharm	Items	Resources/Images/ItemScoutCharm.png	Assets/Images/Legacy/Resources/ItemScoutCharm.png	legacy_runtime_export
image	ItemSeerCharm	Items	Resources/Images/ItemSeerCharm.png	Assets/Images/Legacy/Resources/ItemSeerCharm.png	legacy_runtime_export
image	ItemSteelSaber	Items	Resources/Images/ItemSteelSaber.png	Assets/Images/Legacy/Resources/ItemSteelSaber.png	legacy_runtime_export
image	ItemTowerShield	Items	Resources/Images/ItemTowerShield.png	Assets/Images/Legacy/Resources/ItemTowerShield.png	legacy_runtime_export
image	ItemTravelerCloak	Items	Resources/Images/ItemTravelerCloak.png	Assets/Images/Legacy/Resources/ItemTravelerCloak.png	legacy_runtime_export
image	ItemWarHammer	Items	Resources/Images/ItemWarHammer.png	Assets/Images/Legacy/Resources/ItemWarHammer.png	legacy_runtime_export
image	LegacyMapDrawP1000D400	Misc	Resources/Images/LegacyMapDrawP1000D400.png	Assets/Images/Legacy/DrawResources/LegacyMapDrawP1000D400.png	legacy_draw_resource
image	LegacyMapDrawP1000D401	Misc	Resources/Images/LegacyMapDrawP1000D401.png	Assets/Images/Legacy/DrawResources/LegacyMapDrawP1000D401.png	legacy_draw_resource
image	LegacyMapDrawP1D128	Misc	Resources/Images/LegacyMapDrawP1D128.png	Assets/Images/Legacy/DrawResources/LegacyMapDrawP1D128.png	legacy_draw_resource
image	LegacyMapDrawP1D129	Misc	Resources/Images/LegacyMapDrawP1D129.png	Assets/Images/Legacy/DrawResources/LegacyMapDrawP1D129.png	legacy_draw_resource
image	LegacyMapDrawP2D200	Misc	Resources/Images/LegacyMapDrawP2D200.png	Assets/Images/Legacy/DrawResources/LegacyMapDrawP2D200.png	legacy_draw_resource
image	LegacyMapDrawP2D201	Misc	Resources/Images/LegacyMapDrawP2D201.png	Assets/Images/Legacy/DrawResources/LegacyMapDrawP2D201.png	legacy_draw_resource
image	LegacyMapDrawP2D202	Misc	Resources/Images/LegacyMapDrawP2D202.png	Assets/Images/Legacy/DrawResources/LegacyMapDrawP2D202.png	legacy_draw_resource
image	LegacyMapDrawP2D203	Misc	Resources/Images/LegacyMapDrawP2D203.png	Assets/Images/Legacy/DrawResources/LegacyMapDrawP2D203.png	legacy_draw_resource
image	LegacyMapDrawP2D204	Misc	Resources/Images/LegacyMapDrawP2D204.png	Assets/Images/Legacy/DrawResources/LegacyMapDrawP2D204.png	legacy_draw_resource
image	LegacyMapDrawP3D128	Misc	Resources/Images/LegacyMapDrawP3D128.png	Assets/Images/Legacy/DrawResources/LegacyMapDrawP3D128.png	legacy_draw_resource
image	LegacyMapDrawP3D900	Misc	Resources/Images/LegacyMapDrawP3D900.png	Assets/Images/Legacy/DrawResources/LegacyMapDrawP3D900.png	legacy_draw_resource
image	LegacyMapDrawP3D902	Misc	Resources/Images/LegacyMapDrawP3D902.png	Assets/Images/Legacy/DrawResources/LegacyMapDrawP3D902.png	legacy_draw_resource
image	LegacyMapDrawP4D128	Misc	Resources/Images/LegacyMapDrawP4D128.png	Assets/Images/Legacy/DrawResources/LegacyMapDrawP4D128.png	legacy_draw_resource
image	LegacyMapDrawP4D129	Misc	Resources/Images/LegacyMapDrawP4D129.png	Assets/Images/Legacy/DrawResources/LegacyMapDrawP4D129.png	legacy_draw_resource
image	LegacyMapDrawP4D130	Misc	Resources/Images/LegacyMapDrawP4D130.png	Assets/Images/Legacy/DrawResources/LegacyMapDrawP4D130.png	legacy_draw_resource
image	LegacyMapDrawP4D131	Misc	Resources/Images/LegacyMapDrawP4D131.png	Assets/Images/Legacy/DrawResources/LegacyMapDrawP4D131.png	legacy_draw_resource
image	NewAvatarBackground	NewAvatar	Resources/Images/NewAvatarBackground.png	Assets/Images/Legacy/Resources/NewAvatarBackground.png	legacy_runtime_export
image	NewAvatarButton	NewAvatar	Resources/Images/NewAvatarButton.png	Assets/Images/Legacy/Resources/NewAvatarButton.png	legacy_runtime_export
image	NewAvatarButtonAlt	NewAvatar	Resources/Images/NewAvatarButtonAlt.png	Assets/Images/Legacy/Resources/NewAvatarButtonAlt.png	legacy_runtime_export
image	NewAvatarCard	NewAvatar	Resources/Images/NewAvatarCard.png	Assets/Images/Legacy/Resources/NewAvatarCard.png	legacy_runtime_export
image	NewAvatarPanel	NewAvatar	Resources/Images/NewAvatarPanel.png	Assets/Images/Legacy/Resources/NewAvatarPanel.png	legacy_runtime_export
image	NewAvatarSelected	NewAvatar	Resources/Images/NewAvatarSelected.png	Assets/Images/Legacy/Resources/NewAvatarSelected.png	legacy_runtime_export
image	NewGameBackground	NewGame	Resources/Images/NewGameBackground.png	Assets/Images/Legacy/Resources/NewGameBackground.png	legacy_runtime_export
image	NewGameDelete	NewGame	Resources/Images/NewGameDelete.png	Assets/Images/Legacy/Resources/NewGameDelete.png	legacy_runtime_export
image	NewGameDeleteActive	NewGame	Resources/Images/NewGameDeleteActive.png	Assets/Images/Legacy/Resources/NewGameDeleteActive.png	legacy_runtime_export
image	NewGamePanel	NewGame	Resources/Images/NewGamePanel.png	Assets/Images/Legacy/Resources/NewGamePanel.png	legacy_runtime_export
image	NewGameSlotEmpty	NewGame	Resources/Images/NewGameSlotEmpty.png	Assets/Images/Legacy/Resources/NewGameSlotEmpty.png	legacy_runtime_export
image	NewGameSlotFilled	NewGame	Resources/Images/NewGameSlotFilled.png	Assets/Images/Legacy/Resources/NewGameSlotFilled.png	legacy_runtime_export
image	NewGameSlotHighlight	NewGame	Resources/Images/NewGameSlotHighlight.png	Assets/Images/Legacy/Resources/NewGameSlotHighlight.png	legacy_runtime_export
image	SplashAccent	Splash	Resources/Images/SplashAccent.png	Assets/Images/Legacy/Resources/SplashAccent.png	legacy_runtime_export
image	SplashBackground	Splash	Resources/Images/SplashBackground.png	Assets/Images/RecoveredOverrides/SplashBackground.png	recovered_override
image	SplashBanner	Splash	Resources/Images/SplashBanner.png	Assets/Images/Legacy/Resources/SplashBanner.png	legacy_runtime_export
image	SplashMenuMarkerOff	Splash	Resources/Images/SplashMenuMarkerOff.png	Assets/Legacy/Art/PowerPlug/Images/Core/notSelectButton.png	legacy_power_plug_image
image	SplashMenuMarkerOn	Splash	Resources/Images/SplashMenuMarkerOn.png	Assets/Legacy/Art/PowerPlug/Images/Core/selectButton.png	legacy_power_plug_image
image	SplashPanel	Splash	Resources/Images/SplashPanel.png	Assets/Images/Legacy/Resources/SplashPanel.png	legacy_runtime_export
image	SplashProgressBack	Splash	Resources/Images/SplashProgressBack.png	Assets/Images/Legacy/Resources/SplashProgressBack.png	legacy_runtime_export
image	SplashProgressFill	Splash	Resources/Images/SplashProgressFill.png	Assets/Images/Legacy/Resources/SplashProgressFill.png	legacy_runtime_export
image	StatusBackground	Status	Resources/Images/StatusBackground.png	Assets/Images/Legacy/Resources/StatusBackground.png	legacy_runtime_export
image	StatusButton	Status	Resources/Images/StatusButton.png	Assets/Images/Legacy/Resources/StatusButton.png	legacy_runtime_export
image	StatusButtonAlt	Status	Resources/Images/StatusButtonAlt.png	Assets/Images/Legacy/Resources/StatusButtonAlt.png	legacy_runtime_export
image	StatusList	Status	Resources/Images/StatusList.png	Assets/Images/Legacy/Resources/StatusList.png	legacy_runtime_export
image	StatusPanel	Status	Resources/Images/StatusPanel.png	Assets/Images/Legacy/Resources/StatusPanel.png	legacy_runtime_export
image	StatusSelection	Status	Resources/Images/StatusSelection.png	Assets/Images/Legacy/Resources/StatusSelection.png	legacy_runtime_export
image	StatusStats	Status	Resources/Images/StatusStats.png	Assets/Images/Legacy/Resources/StatusStats.png	legacy_runtime_export
image	WorldMapAreaLocked	WorldMap	Resources/Images/WorldMapAreaLocked.png	Assets/Images/Legacy/Resources/WorldMapAreaLocked.png	legacy_runtime_export
image	WorldMapAreaOpen	WorldMap	Resources/Images/WorldMapAreaOpen.png	Assets/Images/Legacy/Resources/WorldMapAreaOpen.png	legacy_runtime_export
image	WorldMapAreaSelected	WorldMap	Resources/Images/WorldMapAreaSelected.png	Assets/Images/Legacy/Resources/WorldMapAreaSelected.png	legacy_runtime_export
image	WorldMapBackground	WorldMap	Resources/Images/WorldMapBackground.png	Assets/Images/Legacy/Resources/WorldMapBackground.png	legacy_runtime_export
image	WorldMapBattleButton	WorldMap	Resources/Images/WorldMapBattleButton.png	Assets/Images/Legacy/Resources/WorldMapBattleButton.png	legacy_runtime_export
image	WorldMapGridAccent	WorldMap	Resources/Images/WorldMapGridAccent.png	Assets/Images/Legacy/Resources/WorldMapGridAccent.png	legacy_runtime_export
image	WorldMapGridBlocked	WorldMap	Resources/Images/WorldMapGridBlocked.png	Assets/Images/Legacy/Resources/WorldMapGridBlocked.png	legacy_runtime_export
image	WorldMapGridOpen	WorldMap	Resources/Images/WorldMapGridOpen.png	Assets/Images/Legacy/Resources/WorldMapGridOpen.png	legacy_runtime_export
image	WorldMapGridPlayer	WorldMap	Resources/Images/WorldMapGridPlayer.png	Assets/Images/Legacy/Resources/WorldMapGridPlayer.png	legacy_runtime_export
image	WorldMapHelpLegacy	WorldMap	Resources/Images/WorldMapHelpLegacy.png	Assets/Legacy/Art/PowerPlug/Images/MapMode/mapHelp.png	legacy_power_plug_image
image	WorldMapMenuButton	WorldMap	Resources/Images/WorldMapMenuButton.png	Assets/Images/Legacy/Resources/WorldMapMenuButton.png	legacy_runtime_export
image	WorldMapPanel	WorldMap	Resources/Images/WorldMapPanel.png	Assets/Images/Legacy/Resources/WorldMapPanel.png	legacy_runtime_export
image	WorldMapSaveButton	WorldMap	Resources/Images/WorldMapSaveButton.png	Assets/Images/Legacy/Resources/WorldMapSaveButton.png	legacy_runtime_export
image	WorldMapStatusButton	WorldMap	Resources/Images/WorldMapStatusButton.png	Assets/Images/Legacy/Resources/WorldMapStatusButton.png	legacy_runtime_export
image	WorldMapTutorialLegacy	WorldMap	Resources/Images/WorldMapTutorialLegacy.png	Assets/Images/Legacy/Resources/WorldMapTutorialLegacy.png	legacy_runtime_export
image	WorldMapUiLegacy	WorldMap	Resources/Images/WorldMapUiLegacy.png	Assets/Legacy/Art/PowerPlug/Images/MapMode/mapModeUI.png	legacy_power_plug_image
image	WorldMapUiOverlay1Legacy	WorldMap	Resources/Images/WorldMapUiOverlay1Legacy.png	Assets/Legacy/Art/PowerPlug/Images/MapMode/mapModeUIOverlay1.png	legacy_power_plug_image
image	WorldMapUiOverlay2Legacy	WorldMap	Resources/Images/WorldMapUiOverlay2Legacy.png	Assets/Legacy/Art/PowerPlug/Images/MapMode/mapModeUIOverlay2.png	legacy_power_plug_image
sound	BattleCast	Battle	Resources/Sounds/BattleCast.wav	Assets/Sounds/Legacy/PowerPlug/battleCast.aif	legacy_power_plug_sound
sound	BattleDefeat	Battle	Resources/Sounds/BattleDefeat.wav	Assets/Sounds/Legacy/PowerPlug/battleDeath.aif	legacy_power_plug_sound
sound	BattleHit	Battle	Resources/Sounds/BattleHit.wav	Assets/Sounds/Legacy/PowerPlug/battleHit.aif	legacy_power_plug_sound
sound	BattleMiss	Battle	Resources/Sounds/BattleMiss.wav	Assets/Sounds/Legacy/PowerPlug/battleMiss.aif	legacy_power_plug_sound
sound	Click	UI	Resources/Sounds/Click.wav	Assets/Sounds/Legacy/PowerPlug/click.aif	legacy_power_plug_sound
sound	Heal	UI	Resources/Sounds/Heal.wav	Assets/Sounds/Legacy/PowerPlug/heal.aif	legacy_power_plug_sound
sound	LevelUp	UI	Resources/Sounds/LevelUp.wav	Assets/Sounds/Legacy/PowerPlug/levelUp.aif	legacy_power_plug_sound
sound	MoveBumpA	Movement	Resources/Sounds/MoveBumpA.wav	Assets/Sounds/Legacy/PowerPlug/2hit.aif	legacy_power_plug_sound
sound	MoveBumpB	Movement	Resources/Sounds/MoveBumpB.wav	Assets/Sounds/Legacy/PowerPlug/3hit.aif	legacy_power_plug_sound
sound	MoveBumpC	Movement	Resources/Sounds/MoveBumpC.wav	Assets/Sounds/Legacy/PowerPlug/4hit.aif	legacy_power_plug_sound
sound	MoveBumpD	Movement	Resources/Sounds/MoveBumpD.wav	Assets/Sounds/Legacy/PowerPlug/5hit.aif	legacy_power_plug_sound
sound	MovePathA	Movement	Resources/Sounds/MovePathA.wav	Assets/Sounds/Legacy/PowerPlug/1path.aif	legacy_power_plug_sound
sound	MovePathB	Movement	Resources/Sounds/MovePathB.wav	Assets/Sounds/Legacy/PowerPlug/3path.aif	legacy_power_plug_sound
sound	MovePathC	Movement	Resources/Sounds/MovePathC.wav	Assets/Sounds/Legacy/PowerPlug/4path.aif	legacy_power_plug_sound
sound	Select	UI	Resources/Sounds/Select.wav	Assets/Sounds/Legacy/PowerPlug/select.aif	legacy_power_plug_sound
sound	Treasure	UI	Resources/Sounds/Treasure.wav	Assets/Sounds/Legacy/PowerPlug/getTreasure.aif	legacy_power_plug_sound
