kind	checksum	source	curated	width	height	note
image	00467b0d19c4cd61ec626919b875e6ed	Assets/Legacy/Recovered/DragonAlphaDMG/Carved/HFSPartition/Images/carve_0100.jpg	Assets/Legacy/Recovered/DragonAlphaDMG/Curated/Images/carve_0100.jpg	64	64	ok
image	02cee434a3322fa8a0aa316cc8230c39	Assets/Legacy/Recovered/DragonAlphaDMG/Carved/HFSPartition/Images/carve_0031.jpg	Assets/Legacy/Recovered/DragonAlphaDMG/Curated/Images/carve_0031.jpg	64	64	ok
image	03a155107de5db255cfa42861cb72213	Assets/Legacy/Recovered/DragonAlphaDMG/Carved/HFSPartition/Images/carve_0047.jpg	Assets/Legacy/Recovered/DragonAlphaDMG/Curated/Images/carve_0047.jpg	64	64	ok
image	0aebdaa10decd226f7dea103151c65ac	Assets/Legacy/Recovered/DragonAlphaDMG/Carved/HFSPartition/Images/carve_0113.jpg	Assets/Legacy/Recovered/DragonAlphaDMG/Curated/Images/carve_0113.jpg	64	64	ok
image	0ea03f128c0f8043341ef35bb9b77d32	Assets/Legacy/Recovered/DragonAlphaDMG/Carved/HFSPartition/Images/carve_0086.jpg	Assets/Legacy/Recovered/DragonAlphaDMG/Curated/Images/carve_0086.jpg	64	64	ok
image	13389f07bb0f72367cf86a4758f0d148	Assets/Legacy/Recovered/DragonAlphaDMG/Carved/HFSPartition/Images/carve_0017.png	Assets/Legacy/Recovered/DragonAlphaDMG/Curated/Images/carve_0017.png	4	64	ok
image	136cdf945a86db5fdd16cf92a6872f90	Assets/Legacy/Recovered/DragonAlphaDMG/Carved/HFSPartition/Images/carve_0069.jpg	Assets/Legacy/Recovered/DragonAlphaDMG/Curated/Images/carve_0069.jpg	64	64	ok
image	145dd0b065b9b73d0909c00b66177fc1	Assets/Legacy/Recovered/DragonAlphaDMG/Carved/HFSPartition/Images/carve_0051.jpg	Assets/Legacy/Recovered/DragonAlphaDMG/Curated/Images/carve_0051.jpg	64	64	ok
image	17a663afaf9df92291aaaf4c17546a73	Assets/Legacy/Recovered/DragonAlphaDMG/Carved/HFSPartition/Images/carve_0045.jpg	Assets/Legacy/Recovered/DragonAlphaDMG/Curated/Images/carve_0045.jpg	64	64	ok
image	1a6d4adaf29f14986c8aa90a3ef906ef	Assets/Legacy/Recovered/DragonAlphaDMG/Carved/HFSPartition/Images/carve_0027.png	Assets/Legacy/Recovered/DragonAlphaDMG/Curated/Images/carve_0027.png	4	9	ok
image	1c2eee114d2280bba1676de51f3f38d0	Assets/Legacy/Recovered/DragonAlphaDMG/Carved/HFSPartition/Images/carve_0089.jpg	Assets/Legacy/Recovered/DragonAlphaDMG/Curated/Images/carve_0089.jpg	64	64	ok
image	1d6a7e424929fe66655379b4f2ab3d6a	Assets/Legacy/Recovered/DragonAlphaDMG/Carved/HFSPartition/Images/carve_0029.png	Assets/Legacy/Recovered/DragonAlphaDMG/Curated/Images/carve_0029.png	22	22	ok
image	1d7bf6eeb91093009f9fe2e60c665b23	Assets/Legacy/Recovered/DragonAlphaDMG/Carved/HFSPartition/Images/carve_0126.jpg	Assets/Legacy/Recovered/DragonAlphaDMG/Curated/Images/carve_0126.jpg	64	64	ok
image	1da7ff6a8b944f85081b8c3a12d3356b	Assets/Legacy/Recovered/DragonAlphaDMG/Carved/HFSPartition/Images/carve_0058.jpg	Assets/Legacy/Recovered/DragonAlphaDMG/Curated/Images/carve_0058.jpg	64	64	ok
image	20b2e363bc3ca39bea070b0845ab3341	Assets/Legacy/Recovered/DragonAlphaDMG/Carved/HFSPartition/Images/carve_0093.jpg	Assets/Legacy/Recovered/DragonAlphaDMG/Curated/Images/carve_0093.jpg	112	112	ok
image	20bf296af589a419ed0ff4be5c0c876c	Assets/Legacy/Recovered/DragonAlphaDMG/Carved/HFSPartition/Images/carve_0037.jpg	Assets/Legacy/Recovered/DragonAlphaDMG/Curated/Images/carve_0037.jpg	64	64	ok
image	220132256d46d3da77927c12022003db	Assets/Legacy/Recovered/DragonAlphaDMG/Carved/HFSPartition/Images/carve_0011.png	Assets/Legacy/Recovered/DragonAlphaDMG/Curated/Images/carve_0011.png	4	64	ok
image	22a1524b45807287a1a844710ce022f8	Assets/Legacy/Recovered/DragonAlphaDMG/Carved/HFSPartition/Images/carve_0003.png	Assets/Legacy/Recovered/DragonAlphaDMG/Curated/Images/carve_0003.png	64	64	ok
image	22fe1bc955ebe2252ae849db63ad535d	Assets/Legacy/Recovered/DragonAlphaDMG/Carved/HFSPartition/Images/carve_0030.jpg	Assets/Legacy/Recovered/DragonAlphaDMG/Curated/Images/carve_0030.jpg	64	64	ok
image	243fd993c69e39c00870ff022bf75340	Assets/Legacy/Recovered/DragonAlphaDMG/Carved/HFSPartition/Images/carve_0010.png	Assets/Legacy/Recovered/DragonAlphaDMG/Curated/Images/carve_0010.png	800	600	ok
image	261946daf433cfa02d9d500c845baaa4	Assets/Legacy/Recovered/DragonAlphaDMG/Carved/HFSPartition/Images/carve_0081.jpg	Assets/Legacy/Recovered/DragonAlphaDMG/Curated/Images/carve_0081.jpg	64	64	ok
image	261b0c37342ce0f1f3bc40adcfd706cc	Assets/Legacy/Recovered/DragonAlphaDMG/Carved/HFSPartition/Images/carve_0029.jpg	Assets/Legacy/Recovered/DragonAlphaDMG/Curated/Images/carve_0029.jpg	64	64	ok
image	2665eada2445e3151dce305b85993398	Assets/Legacy/Recovered/DragonAlphaDMG/Carved/HFSPartition/Images/carve_0116.jpg	Assets/Legacy/Recovered/DragonAlphaDMG/Curated/Images/carve_0116.jpg	64	64	ok
image	26e5c26be5706385c52c3a51d046e8ca	Assets/Legacy/Recovered/DragonAlphaDMG/Carved/HFSPartition/Images/carve_0112.jpg	Assets/Legacy/Recovered/DragonAlphaDMG/Curated/Images/carve_0112.jpg	128	128	ok
image	2890d5f0a23fb5a27b4dbd2e5ff71035	Assets/Legacy/Recovered/DragonAlphaDMG/Carved/HFSPartition/Images/carve_0009.png	Assets/Legacy/Recovered/DragonAlphaDMG/Curated/Images/carve_0009.png	64	64	ok
image	2a4371280e7a7772636cda804a2e2583	Assets/Legacy/Recovered/DragonAlphaDMG/Carved/HFSPartition/Images/carve_0083.jpg	Assets/Legacy/Recovered/DragonAlphaDMG/Curated/Images/carve_0083.jpg	64	64	ok
image	2f1802d28abbfcb38d305de161486f06	Assets/Legacy/Recovered/DragonAlphaDMG/Carved/HFSPartition/Images/carve_0085.jpg	Assets/Legacy/Recovered/DragonAlphaDMG/Curated/Images/carve_0085.jpg	64	64	ok
image	2fee739730e837d0e1c59befc373200a	Assets/Legacy/Recovered/DragonAlphaDMG/Carved/HFSPartition/Images/carve_0102.jpg	Assets/Legacy/Recovered/DragonAlphaDMG/Curated/Images/carve_0102.jpg	64	64	ok
image	310abc1d0812e0ec3f215aee357aacb4	Assets/Legacy/Recovered/DragonAlphaDMG/Carved/HFSPartition/Images/carve_0031.png	Assets/Legacy/Recovered/DragonAlphaDMG/Curated/Images/carve_0031.png	800	600	ok
image	31ef9bc0a07e9b2d6dd9b7494f53b823	Assets/Legacy/Recovered/DragonAlphaDMG/Carved/HFSPartition/Images/carve_0004.png	Assets/Legacy/Recovered/DragonAlphaDMG/Curated/Images/carve_0004.png	64	64	ok
image	32c9d0ea2a6b8e71a6d381c7e5c7ebe2	Assets/Legacy/Recovered/DragonAlphaDMG/Carved/HFSPartition/Images/carve_0052.jpg	Assets/Legacy/Recovered/DragonAlphaDMG/Curated/Images/carve_0052.jpg	64	64	ok
image	33a4b0ad5cc5c88c0750c24d5ef3d92d	Assets/Legacy/Recovered/DragonAlphaDMG/Carved/HFSPartition/Images/carve_0128.jpg	Assets/Legacy/Recovered/DragonAlphaDMG/Curated/Images/carve_0128.jpg	64	64	ok
image	33ec6e403ea97bf95d133f468fbe3a63	Assets/Legacy/Recovered/DragonAlphaDMG/Carved/HFSPartition/Images/carve_0077.jpg	Assets/Legacy/Recovered/DragonAlphaDMG/Curated/Images/carve_0077.jpg	64	64	ok
image	35c9ea69ba0a1b45e231af7701c20b88	Assets/Legacy/Recovered/DragonAlphaDMG/Carved/HFSPartition/Images/carve_0053.jpg	Assets/Legacy/Recovered/DragonAlphaDMG/Curated/Images/carve_0053.jpg	64	64	ok
image	36b100d0f5f1b50220562411be2d4ff3	Assets/Legacy/Recovered/DragonAlphaDMG/Carved/HFSPartition/Images/carve_0123.jpg	Assets/Legacy/Recovered/DragonAlphaDMG/Curated/Images/carve_0123.jpg	64	64	ok
image	3857507755f88d52271c86d481954040	Assets/Legacy/Recovered/DragonAlphaDMG/Carved/HFSPartition/Images/carve_0006.png	Assets/Legacy/Recovered/DragonAlphaDMG/Curated/Images/carve_0006.png	64	64	ok
image	3bdf21fd0902370a48b50549909b1a47	Assets/Legacy/Recovered/DragonAlphaDMG/Carved/HFSPartition/Images/carve_0062.jpg	Assets/Legacy/Recovered/DragonAlphaDMG/Curated/Images/carve_0062.jpg	64	64	ok
image	3c6a9b70288b595ebb6655d7c12c52ec	Assets/Legacy/Recovered/DragonAlphaDMG/Carved/HFSPartition/Images/carve_0125.jpg	Assets/Legacy/Recovered/DragonAlphaDMG/Curated/Images/carve_0125.jpg	64	64	ok
image	3ff710ff39d85f3ee8894481b900fed4	Assets/Legacy/Recovered/DragonAlphaDMG/Carved/HFSPartition/Images/carve_0023.jpg	Assets/Legacy/Recovered/DragonAlphaDMG/Curated/Images/carve_0023.jpg	64	64	ok
image	402c3d8144a36b7266d4ec0d1d3b241a	Assets/Legacy/Recovered/DragonAlphaDMG/Carved/HFSPartition/Images/carve_0072.jpg	Assets/Legacy/Recovered/DragonAlphaDMG/Curated/Images/carve_0072.jpg	64	64	ok
image	478173fccf06028a2525c5d90186bba5	Assets/Legacy/Recovered/DragonAlphaDMG/Carved/HFSPartition/Images/carve_0115.jpg	Assets/Legacy/Recovered/DragonAlphaDMG/Curated/Images/carve_0115.jpg	64	64	ok
image	4be3fa2e76f9b211d1cff0965b83e1ac	Assets/Legacy/Recovered/DragonAlphaDMG/Carved/HFSPartition/Images/carve_0013.jpg	Assets/Legacy/Recovered/DragonAlphaDMG/Curated/Images/carve_0013.jpg	64	64	ok
image	4d984a5e2f0c2365273f9fc6475bcd82	Assets/Legacy/Recovered/DragonAlphaDMG/Carved/HFSPartition/Images/carve_0028.jpg	Assets/Legacy/Recovered/DragonAlphaDMG/Curated/Images/carve_0028.jpg	64	64	ok
image	4f7e60ee13659e5ae8d5f323d926a7ca	Assets/Legacy/Recovered/DragonAlphaDMG/Carved/HFSPartition/Images/carve_0042.jpg	Assets/Legacy/Recovered/DragonAlphaDMG/Curated/Images/carve_0042.jpg	64	64	ok
image	4f97731dca259c4f64daff7813d1530b	Assets/Legacy/Recovered/DragonAlphaDMG/Carved/HFSPartition/Images/carve_0092.jpg	Assets/Legacy/Recovered/DragonAlphaDMG/Curated/Images/carve_0092.jpg	192	192	ok
image	4fcea34430c3be9afb05ee85846a5745	Assets/Legacy/Recovered/DragonAlphaDMG/Carved/HFSPartition/Images/carve_0129.jpg	Assets/Legacy/Recovered/DragonAlphaDMG/Curated/Images/carve_0129.jpg	64	64	ok
image	503072b991e1994839d19cc8ca00e573	Assets/Legacy/Recovered/DragonAlphaDMG/Carved/HFSPartition/Images/carve_0018.png	Assets/Legacy/Recovered/DragonAlphaDMG/Curated/Images/carve_0018.png	64	64	ok
image	505aed1a861b641690e2784cc36dbbed	Assets/Legacy/Recovered/DragonAlphaDMG/Carved/HFSPartition/Images/carve_0034.png	Assets/Legacy/Recovered/DragonAlphaDMG/Curated/Images/carve_0034.png	800	600	ok
image	506ff9e5839e33198fb538e779137f7d	Assets/Legacy/Recovered/DragonAlphaDMG/Carved/HFSPartition/Images/carve_0028.png	Assets/Legacy/Recovered/DragonAlphaDMG/Curated/Images/carve_0028.png	22	22	ok
image	51fae8c71bb485d204df47a7237ab856	Assets/Legacy/Recovered/DragonAlphaDMG/Carved/HFSPartition/Images/carve_0016.jpg	Assets/Legacy/Recovered/DragonAlphaDMG/Curated/Images/carve_0016.jpg	64	64	ok
image	529487c88042430e45225f01c9440863	Assets/Legacy/Recovered/DragonAlphaDMG/Carved/HFSPartition/Images/carve_0056.jpg	Assets/Legacy/Recovered/DragonAlphaDMG/Curated/Images/carve_0056.jpg	64	64	ok
image	560442a824c9448ece067f025bdc6be1	Assets/Legacy/Recovered/DragonAlphaDMG/Carved/HFSPartition/Images/carve_0025.png	Assets/Legacy/Recovered/DragonAlphaDMG/Curated/Images/carve_0025.png	328	80	ok
image	56408882947befe557874ffcb3754a14	Assets/Legacy/Recovered/DragonAlphaDMG/Carved/HFSPartition/Images/carve_0026.jpg	Assets/Legacy/Recovered/DragonAlphaDMG/Curated/Images/carve_0026.jpg	64	64	ok
image	568353a7224bf06082d32dd54470cef9	Assets/Legacy/Recovered/DragonAlphaDMG/Carved/HFSPartition/Images/carve_0021.jpg	Assets/Legacy/Recovered/DragonAlphaDMG/Curated/Images/carve_0021.jpg	64	64	ok
image	58b2af416e13df49d75a1183b7448365	Assets/Legacy/Recovered/DragonAlphaDMG/Carved/HFSPartition/Images/carve_0095.jpg	Assets/Legacy/Recovered/DragonAlphaDMG/Curated/Images/carve_0095.jpg	82	112	ok
image	5b1c771c772c9aee49ac731be389e00f	Assets/Legacy/Recovered/DragonAlphaDMG/Carved/HFSPartition/Images/carve_0044.jpg	Assets/Legacy/Recovered/DragonAlphaDMG/Curated/Images/carve_0044.jpg	64	64	ok
image	5b3186462135b96821eaaf50aafea343	Assets/Legacy/Recovered/DragonAlphaDMG/Carved/HFSPartition/Images/carve_0025.jpg	Assets/Legacy/Recovered/DragonAlphaDMG/Curated/Images/carve_0025.jpg	64	64	ok
image	5bf477ac717dfebd73ad7213f77b7268	Assets/Legacy/Recovered/DragonAlphaDMG/Carved/HFSPartition/Images/carve_0032.jpg	Assets/Legacy/Recovered/DragonAlphaDMG/Curated/Images/carve_0032.jpg	64	64	ok
image	5c5767e6b4879d8b5e987db3fecce77a	Assets/Legacy/Recovered/DragonAlphaDMG/Carved/HFSPartition/Images/carve_0030.png	Assets/Legacy/Recovered/DragonAlphaDMG/Curated/Images/carve_0030.png	672	512	ok
image	5de1ceb49397a027eafb0a9bc519b179	Assets/Legacy/Recovered/DragonAlphaDMG/Carved/HFSPartition/Images/carve_0101.jpg	Assets/Legacy/Recovered/DragonAlphaDMG/Curated/Images/carve_0101.jpg	64	64	ok
image	5dfaf1ac150ea48e4cac7029d5752bee	Assets/Legacy/Recovered/DragonAlphaDMG/Carved/HFSPartition/Images/carve_0032.png	Assets/Legacy/Recovered/DragonAlphaDMG/Curated/Images/carve_0032.png	32	512	ok
image	60158e9482d126daaf2c3bab6e65a1a0	Assets/Legacy/Recovered/DragonAlphaDMG/Carved/HFSPartition/Images/carve_0055.jpg	Assets/Legacy/Recovered/DragonAlphaDMG/Curated/Images/carve_0055.jpg	64	64	ok
image	614e7db4ae0b62e31ba26354f42a8e48	Assets/Legacy/Recovered/DragonAlphaDMG/Carved/HFSPartition/Images/carve_0013.png	Assets/Legacy/Recovered/DragonAlphaDMG/Curated/Images/carve_0013.png	384	64	ok
image	641a1ef743ae40b1e23f4bcb898114df	Assets/Legacy/Recovered/DragonAlphaDMG/Carved/HFSPartition/Images/carve_0066.jpg	Assets/Legacy/Recovered/DragonAlphaDMG/Curated/Images/carve_0066.jpg	64	64	ok
image	650b03c3447f066052b93b285788b2e9	Assets/Legacy/Recovered/DragonAlphaDMG/Carved/HFSPartition/Images/carve_0018.jpg	Assets/Legacy/Recovered/DragonAlphaDMG/Curated/Images/carve_0018.jpg	64	64	ok
image	6526796589fe08b0d2956bfc8317a208	Assets/Legacy/Recovered/DragonAlphaDMG/Carved/HFSPartition/Images/carve_0014.png	Assets/Legacy/Recovered/DragonAlphaDMG/Curated/Images/carve_0014.png	64	64	ok
image	6a7710ac8b64c454dc00301a892a4a4b	Assets/Legacy/Recovered/DragonAlphaDMG/Carved/HFSPartition/Images/carve_0016.png	Assets/Legacy/Recovered/DragonAlphaDMG/Curated/Images/carve_0016.png	64	64	ok
image	6ccf5f4eb98b3f87bae4816f7b826831	Assets/Legacy/Recovered/DragonAlphaDMG/Carved/HFSPartition/Images/carve_0002.png	Assets/Legacy/Recovered/DragonAlphaDMG/Curated/Images/carve_0002.png	64	64	ok
image	7091f9cda5124b62e4b37b73036a344c	Assets/Legacy/Recovered/DragonAlphaDMG/Carved/HFSPartition/Images/carve_0046.jpg	Assets/Legacy/Recovered/DragonAlphaDMG/Curated/Images/carve_0046.jpg	64	64	ok
image	719ee16d025db5e856f3b65f12a826e9	Assets/Legacy/Recovered/DragonAlphaDMG/Carved/HFSPartition/Images/carve_0015.jpg	Assets/Legacy/Recovered/DragonAlphaDMG/Curated/Images/carve_0015.jpg	64	64	ok
image	71c3b2c5671f896e997fd1cc8ff3d216	Assets/Legacy/Recovered/DragonAlphaDMG/Carved/HFSPartition/Images/carve_0038.jpg	Assets/Legacy/Recovered/DragonAlphaDMG/Curated/Images/carve_0038.jpg	64	64	ok
image	71fc428bfa83b10fccfca3310968b300	Assets/Legacy/Recovered/DragonAlphaDMG/Carved/HFSPartition/Images/carve_0014.jpg	Assets/Legacy/Recovered/DragonAlphaDMG/Curated/Images/carve_0014.jpg	64	64	ok
image	79654b66c1a2d84fa35ac3bd3ec0c78c	Assets/Legacy/Recovered/DragonAlphaDMG/Carved/HFSPartition/Images/carve_0070.jpg	Assets/Legacy/Recovered/DragonAlphaDMG/Curated/Images/carve_0070.jpg	64	64	ok
image	7aa140214a7f37b84ac8babf96ce9b08	Assets/Legacy/Recovered/DragonAlphaDMG/Carved/HFSPartition/Images/carve_0109.jpg	Assets/Legacy/Recovered/DragonAlphaDMG/Curated/Images/carve_0109.jpg	64	64	ok
image	7ad149c07c3f76ed682033ca85cfc4a7	Assets/Legacy/Recovered/DragonAlphaDMG/Carved/HFSPartition/Images/carve_0110.jpg	Assets/Legacy/Recovered/DragonAlphaDMG/Curated/Images/carve_0110.jpg	64	64	ok
image	7e04cc7056099658986de49d2de92f39	Assets/Legacy/Recovered/DragonAlphaDMG/Carved/HFSPartition/Images/carve_0022.png	Assets/Legacy/Recovered/DragonAlphaDMG/Curated/Images/carve_0022.png	64	64	ok
image	7fc1f7942c3e702b956f52096e603e19	Assets/Legacy/Recovered/DragonAlphaDMG/Carved/HFSPartition/Images/carve_0133.jpg	Assets/Legacy/Recovered/DragonAlphaDMG/Curated/Images/carve_0133.jpg	128	128	ok
image	800ac2a6c26e7a6ff951eddd49a59f03	Assets/Legacy/Recovered/DragonAlphaDMG/Carved/HFSPartition/Images/carve_0105.jpg	Assets/Legacy/Recovered/DragonAlphaDMG/Curated/Images/carve_0105.jpg	64	64	ok
image	81bc50e8e36e97c42c673cf83d12c493	Assets/Legacy/Recovered/DragonAlphaDMG/Carved/HFSPartition/Images/carve_0020.png	Assets/Legacy/Recovered/DragonAlphaDMG/Curated/Images/carve_0020.png	64	64	ok
image	81eeec3ff1ac50d43eee601fdf86bcc0	Assets/Legacy/Recovered/DragonAlphaDMG/Carved/HFSPartition/Images/carve_0019.jpg	Assets/Legacy/Recovered/DragonAlphaDMG/Curated/Images/carve_0019.jpg	64	64	ok
image	83a9a050b8fb6ee7db337b336855d1cf	Assets/Legacy/Recovered/DragonAlphaDMG/Carved/HFSPartition/Images/carve_0498.jpg	Assets/Legacy/Recovered/DragonAlphaDMG/Curated/Images/carve_0498.jpg	430	434	ok
image	8762a67aa1096683ce5134268d977d71	Assets/Legacy/Recovered/DragonAlphaDMG/Carved/HFSPartition/Images/carve_0019.png	Assets/Legacy/Recovered/DragonAlphaDMG/Curated/Images/carve_0019.png	192	24	ok
image	8df9867120abda0c84f9499d3e4c007c	Assets/Legacy/Recovered/DragonAlphaDMG/Carved/HFSPartition/Images/carve_0131.jpg	Assets/Legacy/Recovered/DragonAlphaDMG/Curated/Images/carve_0131.jpg	64	64	ok
image	8e6a635f70c3a6d4ef371076558ea68f	Assets/Legacy/Recovered/DragonAlphaDMG/Carved/HFSPartition/Images/carve_0114.jpg	Assets/Legacy/Recovered/DragonAlphaDMG/Curated/Images/carve_0114.jpg	64	64	ok
image	9046b76f812a65e77d9d3d04edb88ca9	Assets/Legacy/Recovered/DragonAlphaDMG/Carved/HFSPartition/Images/carve_0041.jpg	Assets/Legacy/Recovered/DragonAlphaDMG/Curated/Images/carve_0041.jpg	64	64	ok
image	91347d05ad80891ff40d905f004d442f	Assets/Legacy/Recovered/DragonAlphaDMG/Carved/HFSPartition/Images/carve_0035.jpg	Assets/Legacy/Recovered/DragonAlphaDMG/Curated/Images/carve_0035.jpg	64	64	ok
image	936762ae92e815ea1cd7f4d7b3460c44	Assets/Legacy/Recovered/DragonAlphaDMG/Carved/HFSPartition/Images/carve_0079.jpg	Assets/Legacy/Recovered/DragonAlphaDMG/Curated/Images/carve_0079.jpg	64	64	ok
image	965945651afe6c9416b152c6156ed21d	Assets/Legacy/Recovered/DragonAlphaDMG/Carved/HFSPartition/Images/carve_0076.jpg	Assets/Legacy/Recovered/DragonAlphaDMG/Curated/Images/carve_0076.jpg	64	64	ok
image	97d95d872c9faa42dcd15a93e37a6eba	Assets/Legacy/Recovered/DragonAlphaDMG/Carved/HFSPartition/Images/carve_0067.jpg	Assets/Legacy/Recovered/DragonAlphaDMG/Curated/Images/carve_0067.jpg	64	64	ok
image	97faed0b3de04e0d4ca99cb0c058199f	Assets/Legacy/Recovered/DragonAlphaDMG/Carved/HFSPartition/Images/carve_0040.jpg	Assets/Legacy/Recovered/DragonAlphaDMG/Curated/Images/carve_0040.jpg	64	64	ok
image	98be44cb1637b3a57e5545b9a67a03be	Assets/Legacy/Recovered/DragonAlphaDMG/Carved/HFSPartition/Images/carve_0034.jpg	Assets/Legacy/Recovered/DragonAlphaDMG/Curated/Images/carve_0034.jpg	64	64	ok
image	9a38de533f0ef616cc1ccc3f0b06ef3a	Assets/Legacy/Recovered/DragonAlphaDMG/Carved/HFSPartition/Images/carve_0024.png	Assets/Legacy/Recovered/DragonAlphaDMG/Curated/Images/carve_0024.png	328	80	ok
image	a1bcce277748d5b0131d1a60b9d67bbc	Assets/Legacy/Recovered/DragonAlphaDMG/Carved/HFSPartition/Images/carve_0098.jpg	Assets/Legacy/Recovered/DragonAlphaDMG/Curated/Images/carve_0098.jpg	64	64	ok
image	a32b0e4a68ce31a294e374e90f2ac5db	Assets/Legacy/Recovered/DragonAlphaDMG/Carved/HFSPartition/Images/carve_0064.jpg	Assets/Legacy/Recovered/DragonAlphaDMG/Curated/Images/carve_0064.jpg	64	64	ok
image	a38e98d02bed4fa7c38106b12ef37816	Assets/Legacy/Recovered/DragonAlphaDMG/Carved/HFSPartition/Images/carve_0008.png	Assets/Legacy/Recovered/DragonAlphaDMG/Curated/Images/carve_0008.png	64	64	ok
image	a3ba7b9b5aed1fe381546d72a0a7a2e1	Assets/Legacy/Recovered/DragonAlphaDMG/Carved/HFSPartition/Images/carve_0090.jpg	Assets/Legacy/Recovered/DragonAlphaDMG/Curated/Images/carve_0090.jpg	64	64	ok
image	a4e85238767fc6f7265ad95406343e6f	Assets/Legacy/Recovered/DragonAlphaDMG/Carved/HFSPartition/Images/carve_0024.jpg	Assets/Legacy/Recovered/DragonAlphaDMG/Curated/Images/carve_0024.jpg	64	64	ok
image	a71ef1a1aaff8529e55603782505378d	Assets/Legacy/Recovered/DragonAlphaDMG/Carved/HFSPartition/Images/carve_0107.jpg	Assets/Legacy/Recovered/DragonAlphaDMG/Curated/Images/carve_0107.jpg	64	64	ok
image	a8f1b8fea14f8725a8c36d40f98031ba	Assets/Legacy/Recovered/DragonAlphaDMG/Carved/HFSPartition/Images/carve_0099.jpg	Assets/Legacy/Recovered/DragonAlphaDMG/Curated/Images/carve_0099.jpg	128	128	ok
image	a916b0e889ad0af3c5cb5c0fd8768f1b	Assets/Legacy/Recovered/DragonAlphaDMG/Carved/HFSPartition/Images/carve_0054.jpg	Assets/Legacy/Recovered/DragonAlphaDMG/Curated/Images/carve_0054.jpg	64	64	ok
image	acd764acc0704062663b15c55d697060	Assets/Legacy/Recovered/DragonAlphaDMG/Carved/HFSPartition/Images/carve_0127.jpg	Assets/Legacy/Recovered/DragonAlphaDMG/Curated/Images/carve_0127.jpg	64	64	ok
image	b002cdb51dba40d3222e7282d8f37cd3	Assets/Legacy/Recovered/DragonAlphaDMG/Carved/HFSPartition/Images/carve_0074.jpg	Assets/Legacy/Recovered/DragonAlphaDMG/Curated/Images/carve_0074.jpg	64	64	ok
image	b136c60a3b34bb4596ca915f2e737df7	Assets/Legacy/Recovered/DragonAlphaDMG/Carved/HFSPartition/Images/carve_0104.jpg	Assets/Legacy/Recovered/DragonAlphaDMG/Curated/Images/carve_0104.jpg	64	64	ok
image	b3ab8dcfc4acfb2de876a7756c69488f	Assets/Legacy/Recovered/DragonAlphaDMG/Carved/HFSPartition/Images/carve_0022.jpg	Assets/Legacy/Recovered/DragonAlphaDMG/Curated/Images/carve_0022.jpg	64	64	ok
image	b3f85b8282a6f21d1807068425d3f111	Assets/Legacy/Recovered/DragonAlphaDMG/Carved/HFSPartition/Images/carve_0082.jpg	Assets/Legacy/Recovered/DragonAlphaDMG/Curated/Images/carve_0082.jpg	64	64	ok
image	b4bc958c4ddaef0ac0a1c9e448481161	Assets/Legacy/Recovered/DragonAlphaDMG/Carved/HFSPartition/Images/carve_0026.png	Assets/Legacy/Recovered/DragonAlphaDMG/Curated/Images/carve_0026.png	328	80	ok
image	b627421a5123d695e33ca02e28025aff	Assets/Legacy/Recovered/DragonAlphaDMG/Carved/HFSPartition/Images/carve_0023.png	Assets/Legacy/Recovered/DragonAlphaDMG/Curated/Images/carve_0023.png	800	600	ok
image	b907f684b5a6a0238ebaf46c9c29fa46	Assets/Legacy/Recovered/DragonAlphaDMG/Carved/HFSPartition/Images/carve_0111.jpg	Assets/Legacy/Recovered/DragonAlphaDMG/Curated/Images/carve_0111.jpg	128	128	ok
image	bacde51bda79fd9e4f0f67991860050f	Assets/Legacy/Recovered/DragonAlphaDMG/Carved/HFSPartition/Images/carve_0124.jpg	Assets/Legacy/Recovered/DragonAlphaDMG/Curated/Images/carve_0124.jpg	64	64	ok
image	bbf25f4dd34f933492ce3bafc070150a	Assets/Legacy/Recovered/DragonAlphaDMG/Carved/HFSPartition/Images/carve_0078.jpg	Assets/Legacy/Recovered/DragonAlphaDMG/Curated/Images/carve_0078.jpg	64	64	ok
image	be246686740ca86af2efcb5c0548fabd	Assets/Legacy/Recovered/DragonAlphaDMG/Carved/HFSPartition/Images/carve_0087.jpg	Assets/Legacy/Recovered/DragonAlphaDMG/Curated/Images/carve_0087.jpg	64	64	ok
image	be7f2570d0515a6387eb6e99144570e0	Assets/Legacy/Recovered/DragonAlphaDMG/Carved/HFSPartition/Images/carve_0036.jpg	Assets/Legacy/Recovered/DragonAlphaDMG/Curated/Images/carve_0036.jpg	64	64	ok
image	bfbd9a351bd26f0276b4827c7bee51fa	Assets/Legacy/Recovered/DragonAlphaDMG/Carved/HFSPartition/Images/carve_0017.jpg	Assets/Legacy/Recovered/DragonAlphaDMG/Curated/Images/carve_0017.jpg	64	64	ok
image	bfcf3518bcd75c679ac3afb129802d16	Assets/Legacy/Recovered/DragonAlphaDMG/Carved/HFSPartition/Images/carve_0080.jpg	Assets/Legacy/Recovered/DragonAlphaDMG/Curated/Images/carve_0080.jpg	64	64	ok
image	c17959edc1107457af41b5fba2c24809	Assets/Legacy/Recovered/DragonAlphaDMG/Carved/HFSPartition/Images/carve_0075.jpg	Assets/Legacy/Recovered/DragonAlphaDMG/Curated/Images/carve_0075.jpg	64	64	ok
image	c25448c48d1a849f3c0a72a400ace8bb	Assets/Legacy/Recovered/DragonAlphaDMG/Carved/HFSPartition/Images/carve_0020.jpg	Assets/Legacy/Recovered/DragonAlphaDMG/Curated/Images/carve_0020.jpg	64	64	ok
image	c35c3abab9bfefbf6980907fda0d8b3a	Assets/Legacy/Recovered/DragonAlphaDMG/Carved/HFSPartition/Images/carve_0033.png	Assets/Legacy/Recovered/DragonAlphaDMG/Curated/Images/carve_0033.png	640	16	ok
image	c73a466f99e13cfae8e0fce1388495d5	Assets/Legacy/Recovered/DragonAlphaDMG/Carved/HFSPartition/Images/carve_0084.jpg	Assets/Legacy/Recovered/DragonAlphaDMG/Curated/Images/carve_0084.jpg	64	64	ok
image	c781de80802d2c7318162fbbccc52d93	Assets/Legacy/Recovered/DragonAlphaDMG/Carved/HFSPartition/Images/carve_0132.jpg	Assets/Legacy/Recovered/DragonAlphaDMG/Curated/Images/carve_0132.jpg	64	64	ok
image	c93fe5c03fb4e55654692fa42173cfaf	Assets/Legacy/Recovered/DragonAlphaDMG/Carved/HFSPartition/Images/carve_0015.png	Assets/Legacy/Recovered/DragonAlphaDMG/Curated/Images/carve_0015.png	64	64	ok
image	ca81c9d3a24eaed8e119596dbaa06dff	Assets/Legacy/Recovered/DragonAlphaDMG/Carved/HFSPartition/Images/carve_0091.jpg	Assets/Legacy/Recovered/DragonAlphaDMG/Curated/Images/carve_0091.jpg	64	64	ok
image	cbc69a588e25a142de0ce9e9f4cedfd5	Assets/Legacy/Recovered/DragonAlphaDMG/Carved/HFSPartition/Images/carve_0057.jpg	Assets/Legacy/Recovered/DragonAlphaDMG/Curated/Images/carve_0057.jpg	64	64	ok
image	cdb456cd58d071f3081b42221d028978	Assets/Legacy/Recovered/DragonAlphaDMG/Carved/HFSPartition/Images/carve_0005.png	Assets/Legacy/Recovered/DragonAlphaDMG/Curated/Images/carve_0005.png	64	64	ok
image	cee5a309b711b87e0c65dafffe0ba19f	Assets/Legacy/Recovered/DragonAlphaDMG/Carved/HFSPartition/Images/carve_0071.jpg	Assets/Legacy/Recovered/DragonAlphaDMG/Curated/Images/carve_0071.jpg	64	64	ok
image	d1da71cca91c1f7ebc6ec7ac0d6b575e	Assets/Legacy/Recovered/DragonAlphaDMG/Carved/HFSPartition/Images/carve_0117.jpg	Assets/Legacy/Recovered/DragonAlphaDMG/Curated/Images/carve_0117.jpg	64	64	ok
image	d3b04aa19fd1d44dd51d348b5442bc8d	Assets/Legacy/Recovered/DragonAlphaDMG/Carved/HFSPartition/Images/carve_0048.jpg	Assets/Legacy/Recovered/DragonAlphaDMG/Curated/Images/carve_0048.jpg	64	64	ok
image	d46dc5866fa244722d12cc12d4b3f0f0	Assets/Legacy/Recovered/DragonAlphaDMG/Carved/HFSPartition/Images/carve_0122.jpg	Assets/Legacy/Recovered/DragonAlphaDMG/Curated/Images/carve_0122.jpg	64	64	ok
image	dbb9d13a2e76febef8b6e0accf387619	Assets/Legacy/Recovered/DragonAlphaDMG/Carved/HFSPartition/Images/carve_0120.jpg	Assets/Legacy/Recovered/DragonAlphaDMG/Curated/Images/carve_0120.jpg	64	64	ok
image	dec6ba9940f362701265dc8d23b8f8fb	Assets/Legacy/Recovered/DragonAlphaDMG/Carved/HFSPartition/Images/carve_0097.jpg	Assets/Legacy/Recovered/DragonAlphaDMG/Curated/Images/carve_0097.jpg	128	128	ok
image	e242dcd453c92ce65103936cfb84258c	Assets/Legacy/Recovered/DragonAlphaDMG/Carved/HFSPartition/Images/carve_0001.png	Assets/Legacy/Recovered/DragonAlphaDMG/Curated/Images/carve_0001.png	64	64	ok
image	e39ac8386b25c64d9d8271d930b14e80	Assets/Legacy/Recovered/DragonAlphaDMG/Carved/HFSPartition/Images/carve_0121.jpg	Assets/Legacy/Recovered/DragonAlphaDMG/Curated/Images/carve_0121.jpg	128	128	ok
image	e42c7868f29b5afbc45225e92cf1c4a7	Assets/Legacy/Recovered/DragonAlphaDMG/Carved/HFSPartition/Images/carve_0012.png	Assets/Legacy/Recovered/DragonAlphaDMG/Curated/Images/carve_0012.png	64	64	ok
image	e67d30268901b19f0bba59a7dc7f77fd	Assets/Legacy/Recovered/DragonAlphaDMG/Carved/HFSPartition/Images/carve_0118.jpg	Assets/Legacy/Recovered/DragonAlphaDMG/Curated/Images/carve_0118.jpg	64	64	ok
image	e92d37ba2fdf68a0f915a63bf7a22995	Assets/Legacy/Recovered/DragonAlphaDMG/Carved/HFSPartition/Images/carve_0130.jpg	Assets/Legacy/Recovered/DragonAlphaDMG/Curated/Images/carve_0130.jpg	64	64	ok
image	ea2b92f0bc7430ac69b812c71d76b579	Assets/Legacy/Recovered/DragonAlphaDMG/Carved/HFSPartition/Images/carve_0073.jpg	Assets/Legacy/Recovered/DragonAlphaDMG/Curated/Images/carve_0073.jpg	64	64	ok
image	ea983d1595c80fd60f12e156d0a61af4	Assets/Legacy/Recovered/DragonAlphaDMG/Carved/HFSPartition/Images/carve_0027.jpg	Assets/Legacy/Recovered/DragonAlphaDMG/Curated/Images/carve_0027.jpg	64	64	ok
image	ebfe02a9f04f0da703c15ebdf7d2a68b	Assets/Legacy/Recovered/DragonAlphaDMG/Carved/HFSPartition/Images/carve_0068.jpg	Assets/Legacy/Recovered/DragonAlphaDMG/Curated/Images/carve_0068.jpg	64	64	ok
image	ece41294641dc4c98a6eacd10a540848	Assets/Legacy/Recovered/DragonAlphaDMG/Carved/HFSPartition/Images/carve_0088.jpg	Assets/Legacy/Recovered/DragonAlphaDMG/Curated/Images/carve_0088.jpg	64	64	ok
image	edc3291f23de105f32ab40b23dc0927d	Assets/Legacy/Recovered/DragonAlphaDMG/Carved/HFSPartition/Images/carve_0021.png	Assets/Legacy/Recovered/DragonAlphaDMG/Curated/Images/carve_0021.png	64	64	ok
image	f14ed77102bb269c1c4b767cac60c6d9	Assets/Legacy/Recovered/DragonAlphaDMG/Carved/HFSPartition/Images/carve_0033.jpg	Assets/Legacy/Recovered/DragonAlphaDMG/Curated/Images/carve_0033.jpg	64	64	ok
image	f98b50da09f48737d1eee822c85c7b86	Assets/Legacy/Recovered/DragonAlphaDMG/Carved/HFSPartition/Images/carve_0065.jpg	Assets/Legacy/Recovered/DragonAlphaDMG/Curated/Images/carve_0065.jpg	64	64	ok
image	fb68db4e829e00cc37525f729d8e1371	Assets/Legacy/Recovered/DragonAlphaDMG/Carved/HFSPartition/Images/carve_0106.jpg	Assets/Legacy/Recovered/DragonAlphaDMG/Curated/Images/carve_0106.jpg	64	64	ok
image	fc62b8e73e69217378b1489a355ef86c	Assets/Legacy/Recovered/DragonAlphaDMG/Carved/HFSPartition/Images/carve_0007.png	Assets/Legacy/Recovered/DragonAlphaDMG/Curated/Images/carve_0007.png	64	64	ok
image	ffaf28c60b773ca7429e182e7c38edc4	Assets/Legacy/Recovered/DragonAlphaDMG/Carved/HFSPartition/Images/carve_0108.jpg	Assets/Legacy/Recovered/DragonAlphaDMG/Curated/Images/carve_0108.jpg	64	64	ok
image	00467b0d19c4cd61ec626919b875e6ed	Assets/Legacy/Recovered/DragonAlphaDMG/Carved/HFSPartition/Images/carve_0100.jpg	Assets/Legacy/Recovered/DragonAlphaDMG/Curated/Images/carve_0100.jpg	64	64	ok
image	02cee434a3322fa8a0aa316cc8230c39	Assets/Legacy/Recovered/DragonAlphaDMG/Carved/HFSPartition/Images/carve_0031.jpg	Assets/Legacy/Recovered/DragonAlphaDMG/Curated/Images/carve_0031.jpg	64	64	ok
image	03a155107de5db255cfa42861cb72213	Assets/Legacy/Recovered/DragonAlphaDMG/Carved/HFSPartition/Images/carve_0047.jpg	Assets/Legacy/Recovered/DragonAlphaDMG/Curated/Images/carve_0047.jpg	64	64	ok
image	0aebdaa10decd226f7dea103151c65ac	Assets/Legacy/Recovered/DragonAlphaDMG/Carved/HFSPartition/Images/carve_0113.jpg	Assets/Legacy/Recovered/DragonAlphaDMG/Curated/Images/carve_0113.jpg	64	64	ok
image	0ea03f128c0f8043341ef35bb9b77d32	Assets/Legacy/Recovered/DragonAlphaDMG/Carved/HFSPartition/Images/carve_0086.jpg	Assets/Legacy/Recovered/DragonAlphaDMG/Curated/Images/carve_0086.jpg	64	64	ok
image	13389f07bb0f72367cf86a4758f0d148	Assets/Legacy/Recovered/DragonAlphaDMG/Carved/HFSPartition/Images/carve_0017.png	Assets/Legacy/Recovered/DragonAlphaDMG/Curated/Images/carve_0017.png	4	64	ok
image	136cdf945a86db5fdd16cf92a6872f90	Assets/Legacy/Recovered/DragonAlphaDMG/Carved/HFSPartition/Images/carve_0069.jpg	Assets/Legacy/Recovered/DragonAlphaDMG/Curated/Images/carve_0069.jpg	64	64	ok
image	145dd0b065b9b73d0909c00b66177fc1	Assets/Legacy/Recovered/DragonAlphaDMG/Carved/HFSPartition/Images/carve_0051.jpg	Assets/Legacy/Recovered/DragonAlphaDMG/Curated/Images/carve_0051.jpg	64	64	ok
image	17a663afaf9df92291aaaf4c17546a73	Assets/Legacy/Recovered/DragonAlphaDMG/Carved/HFSPartition/Images/carve_0045.jpg	Assets/Legacy/Recovered/DragonAlphaDMG/Curated/Images/carve_0045.jpg	64	64	ok
image	1a6d4adaf29f14986c8aa90a3ef906ef	Assets/Legacy/Recovered/DragonAlphaDMG/Carved/HFSPartition/Images/carve_0027.png	Assets/Legacy/Recovered/DragonAlphaDMG/Curated/Images/carve_0027.png	4	9	ok
image	1c2eee114d2280bba1676de51f3f38d0	Assets/Legacy/Recovered/DragonAlphaDMG/Carved/HFSPartition/Images/carve_0089.jpg	Assets/Legacy/Recovered/DragonAlphaDMG/Curated/Images/carve_0089.jpg	64	64	ok
image	1d6a7e424929fe66655379b4f2ab3d6a	Assets/Legacy/Recovered/DragonAlphaDMG/Carved/HFSPartition/Images/carve_0029.png	Assets/Legacy/Recovered/DragonAlphaDMG/Curated/Images/carve_0029.png	22	22	ok
image	1d7bf6eeb91093009f9fe2e60c665b23	Assets/Legacy/Recovered/DragonAlphaDMG/Carved/HFSPartition/Images/carve_0126.jpg	Assets/Legacy/Recovered/DragonAlphaDMG/Curated/Images/carve_0126.jpg	64	64	ok
image	1da7ff6a8b944f85081b8c3a12d3356b	Assets/Legacy/Recovered/DragonAlphaDMG/Carved/HFSPartition/Images/carve_0058.jpg	Assets/Legacy/Recovered/DragonAlphaDMG/Curated/Images/carve_0058.jpg	64	64	ok
image	20b2e363bc3ca39bea070b0845ab3341	Assets/Legacy/Recovered/DragonAlphaDMG/Carved/HFSPartition/Images/carve_0093.jpg	Assets/Legacy/Recovered/DragonAlphaDMG/Curated/Images/carve_0093.jpg	112	112	ok
image	20bf296af589a419ed0ff4be5c0c876c	Assets/Legacy/Recovered/DragonAlphaDMG/Carved/HFSPartition/Images/carve_0037.jpg	Assets/Legacy/Recovered/DragonAlphaDMG/Curated/Images/carve_0037.jpg	64	64	ok
image	220132256d46d3da77927c12022003db	Assets/Legacy/Recovered/DragonAlphaDMG/Carved/HFSPartition/Images/carve_0011.png	Assets/Legacy/Recovered/DragonAlphaDMG/Curated/Images/carve_0011.png	4	64	ok
image	22a1524b45807287a1a844710ce022f8	Assets/Legacy/Recovered/DragonAlphaDMG/Carved/HFSPartition/Images/carve_0003.png	Assets/Legacy/Recovered/DragonAlphaDMG/Curated/Images/carve_0003.png	64	64	ok
image	22fe1bc955ebe2252ae849db63ad535d	Assets/Legacy/Recovered/DragonAlphaDMG/Carved/HFSPartition/Images/carve_0030.jpg	Assets/Legacy/Recovered/DragonAlphaDMG/Curated/Images/carve_0030.jpg	64	64	ok
image	243fd993c69e39c00870ff022bf75340	Assets/Legacy/Recovered/DragonAlphaDMG/Carved/HFSPartition/Images/carve_0010.png	Assets/Legacy/Recovered/DragonAlphaDMG/Curated/Images/carve_0010.png	800	600	ok
image	261946daf433cfa02d9d500c845baaa4	Assets/Legacy/Recovered/DragonAlphaDMG/Carved/HFSPartition/Images/carve_0081.jpg	Assets/Legacy/Recovered/DragonAlphaDMG/Curated/Images/carve_0081.jpg	64	64	ok
image	261b0c37342ce0f1f3bc40adcfd706cc	Assets/Legacy/Recovered/DragonAlphaDMG/Carved/HFSPartition/Images/carve_0029.jpg	Assets/Legacy/Recovered/DragonAlphaDMG/Curated/Images/carve_0029.jpg	64	64	ok
image	2665eada2445e3151dce305b85993398	Assets/Legacy/Recovered/DragonAlphaDMG/Carved/HFSPartition/Images/carve_0116.jpg	Assets/Legacy/Recovered/DragonAlphaDMG/Curated/Images/carve_0116.jpg	64	64	ok
image	26e5c26be5706385c52c3a51d046e8ca	Assets/Legacy/Recovered/DragonAlphaDMG/Carved/HFSPartition/Images/carve_0112.jpg	Assets/Legacy/Recovered/DragonAlphaDMG/Curated/Images/carve_0112.jpg	128	128	ok
image	2890d5f0a23fb5a27b4dbd2e5ff71035	Assets/Legacy/Recovered/DragonAlphaDMG/Carved/HFSPartition/Images/carve_0009.png	Assets/Legacy/Recovered/DragonAlphaDMG/Curated/Images/carve_0009.png	64	64	ok
image	2a4371280e7a7772636cda804a2e2583	Assets/Legacy/Recovered/DragonAlphaDMG/Carved/HFSPartition/Images/carve_0083.jpg	Assets/Legacy/Recovered/DragonAlphaDMG/Curated/Images/carve_0083.jpg	64	64	ok
image	2f1802d28abbfcb38d305de161486f06	Assets/Legacy/Recovered/DragonAlphaDMG/Carved/HFSPartition/Images/carve_0085.jpg	Assets/Legacy/Recovered/DragonAlphaDMG/Curated/Images/carve_0085.jpg	64	64	ok
image	2fee739730e837d0e1c59befc373200a	Assets/Legacy/Recovered/DragonAlphaDMG/Carved/HFSPartition/Images/carve_0102.jpg	Assets/Legacy/Recovered/DragonAlphaDMG/Curated/Images/carve_0102.jpg	64	64	ok
image	310abc1d0812e0ec3f215aee357aacb4	Assets/Legacy/Recovered/DragonAlphaDMG/Carved/HFSPartition/Images/carve_0031.png	Assets/Legacy/Recovered/DragonAlphaDMG/Curated/Images/carve_0031.png	800	600	ok
image	31ef9bc0a07e9b2d6dd9b7494f53b823	Assets/Legacy/Recovered/DragonAlphaDMG/Carved/HFSPartition/Images/carve_0004.png	Assets/Legacy/Recovered/DragonAlphaDMG/Curated/Images/carve_0004.png	64	64	ok
image	32c9d0ea2a6b8e71a6d381c7e5c7ebe2	Assets/Legacy/Recovered/DragonAlphaDMG/Carved/HFSPartition/Images/carve_0052.jpg	Assets/Legacy/Recovered/DragonAlphaDMG/Curated/Images/carve_0052.jpg	64	64	ok
image	33a4b0ad5cc5c88c0750c24d5ef3d92d	Assets/Legacy/Recovered/DragonAlphaDMG/Carved/HFSPartition/Images/carve_0128.jpg	Assets/Legacy/Recovered/DragonAlphaDMG/Curated/Images/carve_0128.jpg	64	64	ok
image	33ec6e403ea97bf95d133f468fbe3a63	Assets/Legacy/Recovered/DragonAlphaDMG/Carved/HFSPartition/Images/carve_0077.jpg	Assets/Legacy/Recovered/DragonAlphaDMG/Curated/Images/carve_0077.jpg	64	64	ok
image	35c9ea69ba0a1b45e231af7701c20b88	Assets/Legacy/Recovered/DragonAlphaDMG/Carved/HFSPartition/Images/carve_0053.jpg	Assets/Legacy/Recovered/DragonAlphaDMG/Curated/Images/carve_0053.jpg	64	64	ok
image	36b100d0f5f1b50220562411be2d4ff3	Assets/Legacy/Recovered/DragonAlphaDMG/Carved/HFSPartition/Images/carve_0123.jpg	Assets/Legacy/Recovered/DragonAlphaDMG/Curated/Images/carve_0123.jpg	64	64	ok
image	3857507755f88d52271c86d481954040	Assets/Legacy/Recovered/DragonAlphaDMG/Carved/HFSPartition/Images/carve_0006.png	Assets/Legacy/Recovered/DragonAlphaDMG/Curated/Images/carve_0006.png	64	64	ok
image	3bdf21fd0902370a48b50549909b1a47	Assets/Legacy/Recovered/DragonAlphaDMG/Carved/HFSPartition/Images/carve_0062.jpg	Assets/Legacy/Recovered/DragonAlphaDMG/Curated/Images/carve_0062.jpg	64	64	ok
image	3c6a9b70288b595ebb6655d7c12c52ec	Assets/Legacy/Recovered/DragonAlphaDMG/Carved/HFSPartition/Images/carve_0125.jpg	Assets/Legacy/Recovered/DragonAlphaDMG/Curated/Images/carve_0125.jpg	64	64	ok
image	3ff710ff39d85f3ee8894481b900fed4	Assets/Legacy/Recovered/DragonAlphaDMG/Carved/HFSPartition/Images/carve_0023.jpg	Assets/Legacy/Recovered/DragonAlphaDMG/Curated/Images/carve_0023.jpg	64	64	ok
image	402c3d8144a36b7266d4ec0d1d3b241a	Assets/Legacy/Recovered/DragonAlphaDMG/Carved/HFSPartition/Images/carve_0072.jpg	Assets/Legacy/Recovered/DragonAlphaDMG/Curated/Images/carve_0072.jpg	64	64	ok
image	478173fccf06028a2525c5d90186bba5	Assets/Legacy/Recovered/DragonAlphaDMG/Carved/HFSPartition/Images/carve_0115.jpg	Assets/Legacy/Recovered/DragonAlphaDMG/Curated/Images/carve_0115.jpg	64	64	ok
image	4be3fa2e76f9b211d1cff0965b83e1ac	Assets/Legacy/Recovered/DragonAlphaDMG/Carved/HFSPartition/Images/carve_0013.jpg	Assets/Legacy/Recovered/DragonAlphaDMG/Curated/Images/carve_0013.jpg	64	64	ok
image	4d984a5e2f0c2365273f9fc6475bcd82	Assets/Legacy/Recovered/DragonAlphaDMG/Carved/HFSPartition/Images/carve_0028.jpg	Assets/Legacy/Recovered/DragonAlphaDMG/Curated/Images/carve_0028.jpg	64	64	ok
image	4f7e60ee13659e5ae8d5f323d926a7ca	Assets/Legacy/Recovered/DragonAlphaDMG/Carved/HFSPartition/Images/carve_0042.jpg	Assets/Legacy/Recovered/DragonAlphaDMG/Curated/Images/carve_0042.jpg	64	64	ok
image	4f97731dca259c4f64daff7813d1530b	Assets/Legacy/Recovered/DragonAlphaDMG/Carved/HFSPartition/Images/carve_0092.jpg	Assets/Legacy/Recovered/DragonAlphaDMG/Curated/Images/carve_0092.jpg	192	192	ok
image	4fcea34430c3be9afb05ee85846a5745	Assets/Legacy/Recovered/DragonAlphaDMG/Carved/HFSPartition/Images/carve_0129.jpg	Assets/Legacy/Recovered/DragonAlphaDMG/Curated/Images/carve_0129.jpg	64	64	ok
image	503072b991e1994839d19cc8ca00e573	Assets/Legacy/Recovered/DragonAlphaDMG/Carved/HFSPartition/Images/carve_0018.png	Assets/Legacy/Recovered/DragonAlphaDMG/Curated/Images/carve_0018.png	64	64	ok
image	505aed1a861b641690e2784cc36dbbed	Assets/Legacy/Recovered/DragonAlphaDMG/Carved/HFSPartition/Images/carve_0034.png	Assets/Legacy/Recovered/DragonAlphaDMG/Curated/Images/carve_0034.png	800	600	ok
image	506ff9e5839e33198fb538e779137f7d	Assets/Legacy/Recovered/DragonAlphaDMG/Carved/HFSPartition/Images/carve_0028.png	Assets/Legacy/Recovered/DragonAlphaDMG/Curated/Images/carve_0028.png	22	22	ok
image	51fae8c71bb485d204df47a7237ab856	Assets/Legacy/Recovered/DragonAlphaDMG/Carved/HFSPartition/Images/carve_0016.jpg	Assets/Legacy/Recovered/DragonAlphaDMG/Curated/Images/carve_0016.jpg	64	64	ok
image	529487c88042430e45225f01c9440863	Assets/Legacy/Recovered/DragonAlphaDMG/Carved/HFSPartition/Images/carve_0056.jpg	Assets/Legacy/Recovered/DragonAlphaDMG/Curated/Images/carve_0056.jpg	64	64	ok
image	560442a824c9448ece067f025bdc6be1	Assets/Legacy/Recovered/DragonAlphaDMG/Carved/HFSPartition/Images/carve_0025.png	Assets/Legacy/Recovered/DragonAlphaDMG/Curated/Images/carve_0025.png	328	80	ok
image	56408882947befe557874ffcb3754a14	Assets/Legacy/Recovered/DragonAlphaDMG/Carved/HFSPartition/Images/carve_0026.jpg	Assets/Legacy/Recovered/DragonAlphaDMG/Curated/Images/carve_0026.jpg	64	64	ok
image	568353a7224bf06082d32dd54470cef9	Assets/Legacy/Recovered/DragonAlphaDMG/Carved/HFSPartition/Images/carve_0021.jpg	Assets/Legacy/Recovered/DragonAlphaDMG/Curated/Images/carve_0021.jpg	64	64	ok
image	58b2af416e13df49d75a1183b7448365	Assets/Legacy/Recovered/DragonAlphaDMG/Carved/HFSPartition/Images/carve_0095.jpg	Assets/Legacy/Recovered/DragonAlphaDMG/Curated/Images/carve_0095.jpg	82	112	ok
image	5b1c771c772c9aee49ac731be389e00f	Assets/Legacy/Recovered/DragonAlphaDMG/Carved/HFSPartition/Images/carve_0044.jpg	Assets/Legacy/Recovered/DragonAlphaDMG/Curated/Images/carve_0044.jpg	64	64	ok
image	5b3186462135b96821eaaf50aafea343	Assets/Legacy/Recovered/DragonAlphaDMG/Carved/HFSPartition/Images/carve_0025.jpg	Assets/Legacy/Recovered/DragonAlphaDMG/Curated/Images/carve_0025.jpg	64	64	ok
image	5bf477ac717dfebd73ad7213f77b7268	Assets/Legacy/Recovered/DragonAlphaDMG/Carved/HFSPartition/Images/carve_0032.jpg	Assets/Legacy/Recovered/DragonAlphaDMG/Curated/Images/carve_0032.jpg	64	64	ok
image	5c5767e6b4879d8b5e987db3fecce77a	Assets/Legacy/Recovered/DragonAlphaDMG/Carved/HFSPartition/Images/carve_0030.png	Assets/Legacy/Recovered/DragonAlphaDMG/Curated/Images/carve_0030.png	672	512	ok
image	5de1ceb49397a027eafb0a9bc519b179	Assets/Legacy/Recovered/DragonAlphaDMG/Carved/HFSPartition/Images/carve_0101.jpg	Assets/Legacy/Recovered/DragonAlphaDMG/Curated/Images/carve_0101.jpg	64	64	ok
image	5dfaf1ac150ea48e4cac7029d5752bee	Assets/Legacy/Recovered/DragonAlphaDMG/Carved/HFSPartition/Images/carve_0032.png	Assets/Legacy/Recovered/DragonAlphaDMG/Curated/Images/carve_0032.png	32	512	ok
image	60158e9482d126daaf2c3bab6e65a1a0	Assets/Legacy/Recovered/DragonAlphaDMG/Carved/HFSPartition/Images/carve_0055.jpg	Assets/Legacy/Recovered/DragonAlphaDMG/Curated/Images/carve_0055.jpg	64	64	ok
image	614e7db4ae0b62e31ba26354f42a8e48	Assets/Legacy/Recovered/DragonAlphaDMG/Carved/HFSPartition/Images/carve_0013.png	Assets/Legacy/Recovered/DragonAlphaDMG/Curated/Images/carve_0013.png	384	64	ok
image	641a1ef743ae40b1e23f4bcb898114df	Assets/Legacy/Recovered/DragonAlphaDMG/Carved/HFSPartition/Images/carve_0066.jpg	Assets/Legacy/Recovered/DragonAlphaDMG/Curated/Images/carve_0066.jpg	64	64	ok
image	650b03c3447f066052b93b285788b2e9	Assets/Legacy/Recovered/DragonAlphaDMG/Carved/HFSPartition/Images/carve_0018.jpg	Assets/Legacy/Recovered/DragonAlphaDMG/Curated/Images/carve_0018.jpg	64	64	ok
image	6526796589fe08b0d2956bfc8317a208	Assets/Legacy/Recovered/DragonAlphaDMG/Carved/HFSPartition/Images/carve_0014.png	Assets/Legacy/Recovered/DragonAlphaDMG/Curated/Images/carve_0014.png	64	64	ok
image	6a7710ac8b64c454dc00301a892a4a4b	Assets/Legacy/Recovered/DragonAlphaDMG/Carved/HFSPartition/Images/carve_0016.png	Assets/Legacy/Recovered/DragonAlphaDMG/Curated/Images/carve_0016.png	64	64	ok
image	6ccf5f4eb98b3f87bae4816f7b826831	Assets/Legacy/Recovered/DragonAlphaDMG/Carved/HFSPartition/Images/carve_0002.png	Assets/Legacy/Recovered/DragonAlphaDMG/Curated/Images/carve_0002.png	64	64	ok
image	7091f9cda5124b62e4b37b73036a344c	Assets/Legacy/Recovered/DragonAlphaDMG/Carved/HFSPartition/Images/carve_0046.jpg	Assets/Legacy/Recovered/DragonAlphaDMG/Curated/Images/carve_0046.jpg	64	64	ok
image	719ee16d025db5e856f3b65f12a826e9	Assets/Legacy/Recovered/DragonAlphaDMG/Carved/HFSPartition/Images/carve_0015.jpg	Assets/Legacy/Recovered/DragonAlphaDMG/Curated/Images/carve_0015.jpg	64	64	ok
image	71c3b2c5671f896e997fd1cc8ff3d216	Assets/Legacy/Recovered/DragonAlphaDMG/Carved/HFSPartition/Images/carve_0038.jpg	Assets/Legacy/Recovered/DragonAlphaDMG/Curated/Images/carve_0038.jpg	64	64	ok
image	71fc428bfa83b10fccfca3310968b300	Assets/Legacy/Recovered/DragonAlphaDMG/Carved/HFSPartition/Images/carve_0014.jpg	Assets/Legacy/Recovered/DragonAlphaDMG/Curated/Images/carve_0014.jpg	64	64	ok
image	79654b66c1a2d84fa35ac3bd3ec0c78c	Assets/Legacy/Recovered/DragonAlphaDMG/Carved/HFSPartition/Images/carve_0070.jpg	Assets/Legacy/Recovered/DragonAlphaDMG/Curated/Images/carve_0070.jpg	64	64	ok
image	7aa140214a7f37b84ac8babf96ce9b08	Assets/Legacy/Recovered/DragonAlphaDMG/Carved/HFSPartition/Images/carve_0109.jpg	Assets/Legacy/Recovered/DragonAlphaDMG/Curated/Images/carve_0109.jpg	64	64	ok
image	7ad149c07c3f76ed682033ca85cfc4a7	Assets/Legacy/Recovered/DragonAlphaDMG/Carved/HFSPartition/Images/carve_0110.jpg	Assets/Legacy/Recovered/DragonAlphaDMG/Curated/Images/carve_0110.jpg	64	64	ok
image	7e04cc7056099658986de49d2de92f39	Assets/Legacy/Recovered/DragonAlphaDMG/Carved/HFSPartition/Images/carve_0022.png	Assets/Legacy/Recovered/DragonAlphaDMG/Curated/Images/carve_0022.png	64	64	ok
image	7fc1f7942c3e702b956f52096e603e19	Assets/Legacy/Recovered/DragonAlphaDMG/Carved/HFSPartition/Images/carve_0133.jpg	Assets/Legacy/Recovered/DragonAlphaDMG/Curated/Images/carve_0133.jpg	128	128	ok
image	800ac2a6c26e7a6ff951eddd49a59f03	Assets/Legacy/Recovered/DragonAlphaDMG/Carved/HFSPartition/Images/carve_0105.jpg	Assets/Legacy/Recovered/DragonAlphaDMG/Curated/Images/carve_0105.jpg	64	64	ok
image	81bc50e8e36e97c42c673cf83d12c493	Assets/Legacy/Recovered/DragonAlphaDMG/Carved/HFSPartition/Images/carve_0020.png	Assets/Legacy/Recovered/DragonAlphaDMG/Curated/Images/carve_0020.png	64	64	ok
image	81eeec3ff1ac50d43eee601fdf86bcc0	Assets/Legacy/Recovered/DragonAlphaDMG/Carved/HFSPartition/Images/carve_0019.jpg	Assets/Legacy/Recovered/DragonAlphaDMG/Curated/Images/carve_0019.jpg	64	64	ok
image	83a9a050b8fb6ee7db337b336855d1cf	Assets/Legacy/Recovered/DragonAlphaDMG/Carved/HFSPartition/Images/carve_0498.jpg	Assets/Legacy/Recovered/DragonAlphaDMG/Curated/Images/carve_0498.jpg	430	434	ok
image	8762a67aa1096683ce5134268d977d71	Assets/Legacy/Recovered/DragonAlphaDMG/Carved/HFSPartition/Images/carve_0019.png	Assets/Legacy/Recovered/DragonAlphaDMG/Curated/Images/carve_0019.png	192	24	ok
image	8df9867120abda0c84f9499d3e4c007c	Assets/Legacy/Recovered/DragonAlphaDMG/Carved/HFSPartition/Images/carve_0131.jpg	Assets/Legacy/Recovered/DragonAlphaDMG/Curated/Images/carve_0131.jpg	64	64	ok
image	8e6a635f70c3a6d4ef371076558ea68f	Assets/Legacy/Recovered/DragonAlphaDMG/Carved/HFSPartition/Images/carve_0114.jpg	Assets/Legacy/Recovered/DragonAlphaDMG/Curated/Images/carve_0114.jpg	64	64	ok
image	9046b76f812a65e77d9d3d04edb88ca9	Assets/Legacy/Recovered/DragonAlphaDMG/Carved/HFSPartition/Images/carve_0041.jpg	Assets/Legacy/Recovered/DragonAlphaDMG/Curated/Images/carve_0041.jpg	64	64	ok
image	91347d05ad80891ff40d905f004d442f	Assets/Legacy/Recovered/DragonAlphaDMG/Carved/HFSPartition/Images/carve_0035.jpg	Assets/Legacy/Recovered/DragonAlphaDMG/Curated/Images/carve_0035.jpg	64	64	ok
image	936762ae92e815ea1cd7f4d7b3460c44	Assets/Legacy/Recovered/DragonAlphaDMG/Carved/HFSPartition/Images/carve_0079.jpg	Assets/Legacy/Recovered/DragonAlphaDMG/Curated/Images/carve_0079.jpg	64	64	ok
image	965945651afe6c9416b152c6156ed21d	Assets/Legacy/Recovered/DragonAlphaDMG/Carved/HFSPartition/Images/carve_0076.jpg	Assets/Legacy/Recovered/DragonAlphaDMG/Curated/Images/carve_0076.jpg	64	64	ok
image	97d95d872c9faa42dcd15a93e37a6eba	Assets/Legacy/Recovered/DragonAlphaDMG/Carved/HFSPartition/Images/carve_0067.jpg	Assets/Legacy/Recovered/DragonAlphaDMG/Curated/Images/carve_0067.jpg	64	64	ok
image	97faed0b3de04e0d4ca99cb0c058199f	Assets/Legacy/Recovered/DragonAlphaDMG/Carved/HFSPartition/Images/carve_0040.jpg	Assets/Legacy/Recovered/DragonAlphaDMG/Curated/Images/carve_0040.jpg	64	64	ok
image	98be44cb1637b3a57e5545b9a67a03be	Assets/Legacy/Recovered/DragonAlphaDMG/Carved/HFSPartition/Images/carve_0034.jpg	Assets/Legacy/Recovered/DragonAlphaDMG/Curated/Images/carve_0034.jpg	64	64	ok
image	9a38de533f0ef616cc1ccc3f0b06ef3a	Assets/Legacy/Recovered/DragonAlphaDMG/Carved/HFSPartition/Images/carve_0024.png	Assets/Legacy/Recovered/DragonAlphaDMG/Curated/Images/carve_0024.png	328	80	ok
image	a1bcce277748d5b0131d1a60b9d67bbc	Assets/Legacy/Recovered/DragonAlphaDMG/Carved/HFSPartition/Images/carve_0098.jpg	Assets/Legacy/Recovered/DragonAlphaDMG/Curated/Images/carve_0098.jpg	64	64	ok
image	a32b0e4a68ce31a294e374e90f2ac5db	Assets/Legacy/Recovered/DragonAlphaDMG/Carved/HFSPartition/Images/carve_0064.jpg	Assets/Legacy/Recovered/DragonAlphaDMG/Curated/Images/carve_0064.jpg	64	64	ok
image	a38e98d02bed4fa7c38106b12ef37816	Assets/Legacy/Recovered/DragonAlphaDMG/Carved/HFSPartition/Images/carve_0008.png	Assets/Legacy/Recovered/DragonAlphaDMG/Curated/Images/carve_0008.png	64	64	ok
image	a3ba7b9b5aed1fe381546d72a0a7a2e1	Assets/Legacy/Recovered/DragonAlphaDMG/Carved/HFSPartition/Images/carve_0090.jpg	Assets/Legacy/Recovered/DragonAlphaDMG/Curated/Images/carve_0090.jpg	64	64	ok
image	a4e85238767fc6f7265ad95406343e6f	Assets/Legacy/Recovered/DragonAlphaDMG/Carved/HFSPartition/Images/carve_0024.jpg	Assets/Legacy/Recovered/DragonAlphaDMG/Curated/Images/carve_0024.jpg	64	64	ok
image	a71ef1a1aaff8529e55603782505378d	Assets/Legacy/Recovered/DragonAlphaDMG/Carved/HFSPartition/Images/carve_0107.jpg	Assets/Legacy/Recovered/DragonAlphaDMG/Curated/Images/carve_0107.jpg	64	64	ok
image	a8f1b8fea14f8725a8c36d40f98031ba	Assets/Legacy/Recovered/DragonAlphaDMG/Carved/HFSPartition/Images/carve_0099.jpg	Assets/Legacy/Recovered/DragonAlphaDMG/Curated/Images/carve_0099.jpg	128	128	ok
image	a916b0e889ad0af3c5cb5c0fd8768f1b	Assets/Legacy/Recovered/DragonAlphaDMG/Carved/HFSPartition/Images/carve_0054.jpg	Assets/Legacy/Recovered/DragonAlphaDMG/Curated/Images/carve_0054.jpg	64	64	ok
image	acd764acc0704062663b15c55d697060	Assets/Legacy/Recovered/DragonAlphaDMG/Carved/HFSPartition/Images/carve_0127.jpg	Assets/Legacy/Recovered/DragonAlphaDMG/Curated/Images/carve_0127.jpg	64	64	ok
image	b002cdb51dba40d3222e7282d8f37cd3	Assets/Legacy/Recovered/DragonAlphaDMG/Carved/HFSPartition/Images/carve_0074.jpg	Assets/Legacy/Recovered/DragonAlphaDMG/Curated/Images/carve_0074.jpg	64	64	ok
image	b136c60a3b34bb4596ca915f2e737df7	Assets/Legacy/Recovered/DragonAlphaDMG/Carved/HFSPartition/Images/carve_0104.jpg	Assets/Legacy/Recovered/DragonAlphaDMG/Curated/Images/carve_0104.jpg	64	64	ok
image	b3ab8dcfc4acfb2de876a7756c69488f	Assets/Legacy/Recovered/DragonAlphaDMG/Carved/HFSPartition/Images/carve_0022.jpg	Assets/Legacy/Recovered/DragonAlphaDMG/Curated/Images/carve_0022.jpg	64	64	ok
image	b3f85b8282a6f21d1807068425d3f111	Assets/Legacy/Recovered/DragonAlphaDMG/Carved/HFSPartition/Images/carve_0082.jpg	Assets/Legacy/Recovered/DragonAlphaDMG/Curated/Images/carve_0082.jpg	64	64	ok
image	b4bc958c4ddaef0ac0a1c9e448481161	Assets/Legacy/Recovered/DragonAlphaDMG/Carved/HFSPartition/Images/carve_0026.png	Assets/Legacy/Recovered/DragonAlphaDMG/Curated/Images/carve_0026.png	328	80	ok
image	b627421a5123d695e33ca02e28025aff	Assets/Legacy/Recovered/DragonAlphaDMG/Carved/HFSPartition/Images/carve_0023.png	Assets/Legacy/Recovered/DragonAlphaDMG/Curated/Images/carve_0023.png	800	600	ok
image	b907f684b5a6a0238ebaf46c9c29fa46	Assets/Legacy/Recovered/DragonAlphaDMG/Carved/HFSPartition/Images/carve_0111.jpg	Assets/Legacy/Recovered/DragonAlphaDMG/Curated/Images/carve_0111.jpg	128	128	ok
image	bacde51bda79fd9e4f0f67991860050f	Assets/Legacy/Recovered/DragonAlphaDMG/Carved/HFSPartition/Images/carve_0124.jpg	Assets/Legacy/Recovered/DragonAlphaDMG/Curated/Images/carve_0124.jpg	64	64	ok
image	bbf25f4dd34f933492ce3bafc070150a	Assets/Legacy/Recovered/DragonAlphaDMG/Carved/HFSPartition/Images/carve_0078.jpg	Assets/Legacy/Recovered/DragonAlphaDMG/Curated/Images/carve_0078.jpg	64	64	ok
image	be246686740ca86af2efcb5c0548fabd	Assets/Legacy/Recovered/DragonAlphaDMG/Carved/HFSPartition/Images/carve_0087.jpg	Assets/Legacy/Recovered/DragonAlphaDMG/Curated/Images/carve_0087.jpg	64	64	ok
image	be7f2570d0515a6387eb6e99144570e0	Assets/Legacy/Recovered/DragonAlphaDMG/Carved/HFSPartition/Images/carve_0036.jpg	Assets/Legacy/Recovered/DragonAlphaDMG/Curated/Images/carve_0036.jpg	64	64	ok
image	bfbd9a351bd26f0276b4827c7bee51fa	Assets/Legacy/Recovered/DragonAlphaDMG/Carved/HFSPartition/Images/carve_0017.jpg	Assets/Legacy/Recovered/DragonAlphaDMG/Curated/Images/carve_0017.jpg	64	64	ok
image	bfcf3518bcd75c679ac3afb129802d16	Assets/Legacy/Recovered/DragonAlphaDMG/Carved/HFSPartition/Images/carve_0080.jpg	Assets/Legacy/Recovered/DragonAlphaDMG/Curated/Images/carve_0080.jpg	64	64	ok
image	c17959edc1107457af41b5fba2c24809	Assets/Legacy/Recovered/DragonAlphaDMG/Carved/HFSPartition/Images/carve_0075.jpg	Assets/Legacy/Recovered/DragonAlphaDMG/Curated/Images/carve_0075.jpg	64	64	ok
image	c25448c48d1a849f3c0a72a400ace8bb	Assets/Legacy/Recovered/DragonAlphaDMG/Carved/HFSPartition/Images/carve_0020.jpg	Assets/Legacy/Recovered/DragonAlphaDMG/Curated/Images/carve_0020.jpg	64	64	ok
image	c35c3abab9bfefbf6980907fda0d8b3a	Assets/Legacy/Recovered/DragonAlphaDMG/Carved/HFSPartition/Images/carve_0033.png	Assets/Legacy/Recovered/DragonAlphaDMG/Curated/Images/carve_0033.png	640	16	ok
image	c73a466f99e13cfae8e0fce1388495d5	Assets/Legacy/Recovered/DragonAlphaDMG/Carved/HFSPartition/Images/carve_0084.jpg	Assets/Legacy/Recovered/DragonAlphaDMG/Curated/Images/carve_0084.jpg	64	64	ok
image	c781de80802d2c7318162fbbccc52d93	Assets/Legacy/Recovered/DragonAlphaDMG/Carved/HFSPartition/Images/carve_0132.jpg	Assets/Legacy/Recovered/DragonAlphaDMG/Curated/Images/carve_0132.jpg	64	64	ok
image	c93fe5c03fb4e55654692fa42173cfaf	Assets/Legacy/Recovered/DragonAlphaDMG/Carved/HFSPartition/Images/carve_0015.png	Assets/Legacy/Recovered/DragonAlphaDMG/Curated/Images/carve_0015.png	64	64	ok
image	ca81c9d3a24eaed8e119596dbaa06dff	Assets/Legacy/Recovered/DragonAlphaDMG/Carved/HFSPartition/Images/carve_0091.jpg	Assets/Legacy/Recovered/DragonAlphaDMG/Curated/Images/carve_0091.jpg	64	64	ok
image	cbc69a588e25a142de0ce9e9f4cedfd5	Assets/Legacy/Recovered/DragonAlphaDMG/Carved/HFSPartition/Images/carve_0057.jpg	Assets/Legacy/Recovered/DragonAlphaDMG/Curated/Images/carve_0057.jpg	64	64	ok
image	cdb456cd58d071f3081b42221d028978	Assets/Legacy/Recovered/DragonAlphaDMG/Carved/HFSPartition/Images/carve_0005.png	Assets/Legacy/Recovered/DragonAlphaDMG/Curated/Images/carve_0005.png	64	64	ok
image	cee5a309b711b87e0c65dafffe0ba19f	Assets/Legacy/Recovered/DragonAlphaDMG/Carved/HFSPartition/Images/carve_0071.jpg	Assets/Legacy/Recovered/DragonAlphaDMG/Curated/Images/carve_0071.jpg	64	64	ok
image	d1da71cca91c1f7ebc6ec7ac0d6b575e	Assets/Legacy/Recovered/DragonAlphaDMG/Carved/HFSPartition/Images/carve_0117.jpg	Assets/Legacy/Recovered/DragonAlphaDMG/Curated/Images/carve_0117.jpg	64	64	ok
image	d3b04aa19fd1d44dd51d348b5442bc8d	Assets/Legacy/Recovered/DragonAlphaDMG/Carved/HFSPartition/Images/carve_0048.jpg	Assets/Legacy/Recovered/DragonAlphaDMG/Curated/Images/carve_0048.jpg	64	64	ok
image	d46dc5866fa244722d12cc12d4b3f0f0	Assets/Legacy/Recovered/DragonAlphaDMG/Carved/HFSPartition/Images/carve_0122.jpg	Assets/Legacy/Recovered/DragonAlphaDMG/Curated/Images/carve_0122.jpg	64	64	ok
image	dbb9d13a2e76febef8b6e0accf387619	Assets/Legacy/Recovered/DragonAlphaDMG/Carved/HFSPartition/Images/carve_0120.jpg	Assets/Legacy/Recovered/DragonAlphaDMG/Curated/Images/carve_0120.jpg	64	64	ok
image	dec6ba9940f362701265dc8d23b8f8fb	Assets/Legacy/Recovered/DragonAlphaDMG/Carved/HFSPartition/Images/carve_0097.jpg	Assets/Legacy/Recovered/DragonAlphaDMG/Curated/Images/carve_0097.jpg	128	128	ok
image	e242dcd453c92ce65103936cfb84258c	Assets/Legacy/Recovered/DragonAlphaDMG/Carved/HFSPartition/Images/carve_0001.png	Assets/Legacy/Recovered/DragonAlphaDMG/Curated/Images/carve_0001.png	64	64	ok
image	e39ac8386b25c64d9d8271d930b14e80	Assets/Legacy/Recovered/DragonAlphaDMG/Carved/HFSPartition/Images/carve_0121.jpg	Assets/Legacy/Recovered/DragonAlphaDMG/Curated/Images/carve_0121.jpg	128	128	ok
image	e42c7868f29b5afbc45225e92cf1c4a7	Assets/Legacy/Recovered/DragonAlphaDMG/Carved/HFSPartition/Images/carve_0012.png	Assets/Legacy/Recovered/DragonAlphaDMG/Curated/Images/carve_0012.png	64	64	ok
image	e67d30268901b19f0bba59a7dc7f77fd	Assets/Legacy/Recovered/DragonAlphaDMG/Carved/HFSPartition/Images/carve_0118.jpg	Assets/Legacy/Recovered/DragonAlphaDMG/Curated/Images/carve_0118.jpg	64	64	ok
image	e92d37ba2fdf68a0f915a63bf7a22995	Assets/Legacy/Recovered/DragonAlphaDMG/Carved/HFSPartition/Images/carve_0130.jpg	Assets/Legacy/Recovered/DragonAlphaDMG/Curated/Images/carve_0130.jpg	64	64	ok
image	ea2b92f0bc7430ac69b812c71d76b579	Assets/Legacy/Recovered/DragonAlphaDMG/Carved/HFSPartition/Images/carve_0073.jpg	Assets/Legacy/Recovered/DragonAlphaDMG/Curated/Images/carve_0073.jpg	64	64	ok
image	ea983d1595c80fd60f12e156d0a61af4	Assets/Legacy/Recovered/DragonAlphaDMG/Carved/HFSPartition/Images/carve_0027.jpg	Assets/Legacy/Recovered/DragonAlphaDMG/Curated/Images/carve_0027.jpg	64	64	ok
image	ebfe02a9f04f0da703c15ebdf7d2a68b	Assets/Legacy/Recovered/DragonAlphaDMG/Carved/HFSPartition/Images/carve_0068.jpg	Assets/Legacy/Recovered/DragonAlphaDMG/Curated/Images/carve_0068.jpg	64	64	ok
image	ece41294641dc4c98a6eacd10a540848	Assets/Legacy/Recovered/DragonAlphaDMG/Carved/HFSPartition/Images/carve_0088.jpg	Assets/Legacy/Recovered/DragonAlphaDMG/Curated/Images/carve_0088.jpg	64	64	ok
image	edc3291f23de105f32ab40b23dc0927d	Assets/Legacy/Recovered/DragonAlphaDMG/Carved/HFSPartition/Images/carve_0021.png	Assets/Legacy/Recovered/DragonAlphaDMG/Curated/Images/carve_0021.png	64	64	ok
image	f14ed77102bb269c1c4b767cac60c6d9	Assets/Legacy/Recovered/DragonAlphaDMG/Carved/HFSPartition/Images/carve_0033.jpg	Assets/Legacy/Recovered/DragonAlphaDMG/Curated/Images/carve_0033.jpg	64	64	ok
image	f98b50da09f48737d1eee822c85c7b86	Assets/Legacy/Recovered/DragonAlphaDMG/Carved/HFSPartition/Images/carve_0065.jpg	Assets/Legacy/Recovered/DragonAlphaDMG/Curated/Images/carve_0065.jpg	64	64	ok
image	fb68db4e829e00cc37525f729d8e1371	Assets/Legacy/Recovered/DragonAlphaDMG/Carved/HFSPartition/Images/carve_0106.jpg	Assets/Legacy/Recovered/DragonAlphaDMG/Curated/Images/carve_0106.jpg	64	64	ok
image	fc62b8e73e69217378b1489a355ef86c	Assets/Legacy/Recovered/DragonAlphaDMG/Carved/HFSPartition/Images/carve_0007.png	Assets/Legacy/Recovered/DragonAlphaDMG/Curated/Images/carve_0007.png	64	64	ok
image	ffaf28c60b773ca7429e182e7c38edc4	Assets/Legacy/Recovered/DragonAlphaDMG/Carved/HFSPartition/Images/carve_0108.jpg	Assets/Legacy/Recovered/DragonAlphaDMG/Curated/Images/carve_0108.jpg	64	64	ok
